<?xml version="1.0" encoding="UTF-8"?>
<taskDefinition id="upsert_submissions_from_csv" name="Upsert Submissions from CSV" schema_version="1.0" version="1">
  <author>support@kineticdata.com</author>
  <description>This handler upserts data from a CSV file to a form. Several requirements must be met for this to work.</description>
  <helpurl></helpurl>
  <visible>false</visible>
  <deferrable>false</deferrable>
  <parameters>
    <parameter id="error_handling" label="Error Handling" required="true" tooltip="Determine what to return if an error is encountered." menu="Error Message,Raise Error">Error Message</parameter>
    <parameter id="attachment_retrieve_url" label="File Attachment Retrieve URL" required="true" tooltip="The URL to retrieve the CSV attachment."></parameter>
    <parameter id="unique_id_column_name" label="Name of Unique Id CSV Column" required="true" tooltip="The column name (exactly) which holds the unique row identifier."></parameter>
    <parameter id="kapp_slug_data" label="Kapp Slug - Data" required="true" tooltip="The kapp slug where the data resides."></parameter>
    <parameter id="form_slug_data" label="Form Slug - Data" required="true" tooltip="The form slug where the data resides."></parameter>
    <parameter id="data_query" label="Data Query" required="true" tooltip="The query to use to retrieve the data. (Ex: values[Status]=&quot;Active&quot;)"></parameter>
    <parameter id="data_order_by" label="Data Order By" required="true" tooltip="The orderBy to use to retrieve the data. (Ex: values[Status],createdAt)"></parameter>
    <parameter id="unique_id_field_name" label="Name of Unique Id Form Field" required="true" tooltip="The name of the field on the line item form that stores the unique row identifier from the CSV file (e.g., Employee Number)"></parameter>
    <parameter id="csv_query" label="CSV Query as JSON" required="false" tooltip="If provided, a JSON object to restrict which data in the CSV should be imported. Must be in this format [{&quot;Column&quot;:&quot;Exact Column Header Name&quot;,&quot;Operator&quot;:&quot;One of ==, &gt;, &lt;, !=, empty, !empty&quot;, &quot;Value&quot;:&quot;The text value to compare against; not required for Empty or !Empty operators&quot;},...]. Comparisons are always against text values; not numbers or dates."></parameter>
    <parameter id="fields_to_compare_mapping" label="Field to Header Row Mapping (JSON)" required="true" tooltip="Example: {&quot;Form Field&quot;:&quot;Header Column&quot;,...} The mapping of line item form fields to the column header that holds that field's data. Must be exact!"></parameter>
    <parameter id="additional_data_elements" label="Additional Data Elements (JSON)" required="false" tooltip="Example: {&quot;Year&quot;:&quot;2025&quot;,...} These are additional fields that should be populated for each record."></parameter>
  </parameters>
  <handler name="upsert_submissions_from_csv" version="1">
    <infos>
      <info name="api_username">&lt;%= @info['api_username'] %&gt;</info>
      <info name="api_password">&lt;%= @info['api_password'] %&gt;</info>
      <info name="api_location">&lt;%= @info['api_location'] %&gt;</info>
      <info name="enable_debug_logging">&lt;%= @info["enable_debug_logging"] %&gt;</info>
    </infos>
    <parameters>
      <parameter name="error_handling">&lt;%= @parameters["error_handling"] %&gt;</parameter>
      <parameter name="unique_id_column_name">&lt;%= @parameters["unique_id_column_name"] %&gt;</parameter>
      <parameter name="attachment_retrieve_url">&lt;%= @parameters["attachment_retrieve_url"] %&gt;</parameter>
      <parameter name="kapp_slug_data">&lt;%= @parameters["kapp_slug_data"] %&gt;</parameter>
      <parameter name="form_slug_data">&lt;%= @parameters["form_slug_data"] %&gt;</parameter>
      <parameter name="data_query">&lt;%= @parameters["data_query"] %&gt;</parameter>
      <parameter name="data_order_by">&lt;%= @parameters["data_order_by"] %&gt;</parameter>
      <parameter name="unique_id_field_name">&lt;%= @parameters["unique_id_field_name"] %&gt;</parameter>
      <parameter name="csv_query">&lt;%= @parameters["csv_query"] %&gt;</parameter>
      <parameter name="fields_to_compare_mapping">&lt;%= @parameters["fields_to_compare_mapping"] %&gt;</parameter>
      <parameter name="additional_data_elements">&lt;%= @parameters["additional_data_elements"] %&gt;</parameter>
    </parameters>
  </handler>
  <results format="xml">
    <result name="CSV File Rows"/>
    <result name="CSV Rows Matching Query"/>
    <result name="Retrieved Data Rows"/>
    <result name="Additions Count"/>
    <result name="Additions JSON"/>
    <result name="Missing Count"/>
    <result name="Missing JSON"/>
    <result name="Changes Count"/>
    <result name="Changes JSON"/>
    <result name="Handler Error Message"/>
  </results>
</taskDefinition>
