<tree schema_version="1.0">
    <sourceName>-</sourceName>
    <sourceGroup>-</sourceGroup>
    <definitionId>routine_create_password_reset_url</definitionId>
    <type>Global Routine</type>
    <status>Active</status>
    <taskTree builder_version="" schema_version="1.0" version="">
        <name>Create Password Reset URL</name>
        <author></author>
        <notes></notes>
        <lastID>18</lastID>
        <taskDefinition id="routine_create_password_reset_url" name="Create Password Reset URL" schema_version="1.0" version="1">
            <visible>false</visible>
            <deferrable>true</deferrable>
            <parameters>
                <parameter id="Username" label="Username" required="true" tooltip="Username of user to be reset"></parameter>
            </parameters>
            <handler name="system_tree_call" version="1"></handler>
            <results format="xml">
                <result name="Password Reset Link" tooltip=""></result>
            </results>
        </taskDefinition>
        <request>
            <task definition_id="system_start_v1" id="start" name="Start" x="11" y="11">
                <version>1</version>
                <configured>true</configured>
                <defers>false</defers>
                <deferrable>false</deferrable>
                <visible>false</visible>
                <parameters></parameters>
                <messages></messages>
                <dependents>
                    <task label="" type="Complete" value="">system_integration_v1_14</task>
                </dependents>
            </task>
            <task definition_id="utilities_echo_v1" id="utilities_echo_v1_4" name="Build URL" x="868.9741019214707" y="16.29239766081877">
                <version>1</version>
                <configured>true</configured>
                <defers>false</defers>
                <deferrable>false</deferrable>
                <visible>false</visible>
                <parameters>
                    <parameter dependsOnId="" dependsOnValue="" id="input" label="Input" menu="" required="true" tooltip="">&lt;%= "#{@results['Get Space Details']['Web Server Url']}/#/reset-password/#{@results['Get Password Reset Token']['Token']}?#{URI.encode_www_form("u" =&gt;@inputs['Username'])}" %&gt;</parameter>
                </parameters>
                <messages></messages>
                <dependents>
                    <task label="" type="Complete" value="">system_tree_return_v1_18</task>
                </dependents>
            </task>
            <task definition_id="system_integration_v1" id="system_integration_v1_14" name="Get Password Reset Token" x="201.00000000000023" y="16.270258980785293">
                <version>1</version>
                <configured>true</configured>
                <defers>false</defers>
                <deferrable>false</deferrable>
                <visible>true</visible>
                <parameters>
                    <parameter dependsOnId="" dependsOnValue="" id="connection" label="Connection ID" menu="" required="true" tooltip="Connection ID">1415539c-bb98-48bb-ad33-11be25189ad0</parameter>
                    <parameter dependsOnId="" dependsOnValue="" id="operation" label="Operation ID" menu="" required="true" tooltip="Operation ID">e8f73406-d95b-44f0-b3fd-2731e7ccebf3</parameter>
                    <parameter dependsOnId="" dependsOnValue="" id="parameters.User Name" label="User Name" menu="" required="false" tooltip="">&lt;%= @inputs['Username'] %&gt;</parameter>
                </parameters>
                <messages></messages>
                <dependents>
                    <task label="" type="Complete" value="">system_integration_v1_15</task>
                </dependents>
            </task>
            <task definition_id="system_integration_v1" id="system_integration_v1_15" name="Get Space Details" x="533.0000000000002" y="16.014619883040922">
                <version>1</version>
                <configured>true</configured>
                <defers>false</defers>
                <deferrable>false</deferrable>
                <visible>true</visible>
                <parameters>
                    <parameter dependsOnId="" dependsOnValue="" id="connection" label="Connection ID" menu="" required="true" tooltip="Connection ID">1415539c-bb98-48bb-ad33-11be25189ad0</parameter>
                    <parameter dependsOnId="" dependsOnValue="" id="operation" label="Operation ID" menu="" required="true" tooltip="Operation ID">7ad51a20-8bab-422b-a0f7-247e082dccd5</parameter>
                </parameters>
                <messages></messages>
                <dependents>
                    <task label="" type="Complete" value="">utilities_echo_v1_4</task>
                </dependents>
            </task>
            <task definition_id="system_tree_return_v1" id="system_tree_return_v1_18" name="Return" x="1205.1019214703417" y="16.638262322472855">
                <version>1</version>
                <configured>true</configured>
                <defers>false</defers>
                <deferrable>false</deferrable>
                <visible>false</visible>
                <parameters>
                    <parameter dependsOnId="" dependsOnValue="" id="Password Reset Link" label="Password Reset Link" menu="" required="false" tooltip="">&lt;%= @results['Build URL']['output'] %&gt;</parameter>
                </parameters>
                <messages></messages>
                <dependents></dependents>
            </task>
        </request>
    </taskTree>
</tree>