{
  "anonymous": false,
  "attributes": [
    {
      "name": "Custom Submission Workflow",
      "values": [
        "Submitted"
      ]
    },
    {
      "name": "Owning Team",
      "values": [
        "Administrators"
      ]
    }
  ],
  "bridgedResources": [],
  "categorizations": [],
  "customHeadContent": null,
  "description": "Used to request a password reset.",
  "indexDefinitions": [
    {
      "name": "closedBy",
      "parts": [
        "closedBy"
      ],
      "unique": false
    },
    {
      "name": "createdBy",
      "parts": [
        "createdBy"
      ],
      "unique": false
    },
    {
      "name": "handle",
      "parts": [
        "handle"
      ],
      "unique": false
    },
    {
      "name": "submittedBy",
      "parts": [
        "submittedBy"
      ],
      "unique": false
    },
    {
      "name": "updatedBy",
      "parts": [
        "updatedBy"
      ],
      "unique": false
    },
    {
      "name": "values[Display Name]",
      "parts": [
        "values[Display Name]"
      ],
      "unique": false
    },
    {
      "name": "values[Password Reset URL]",
      "parts": [
        "values[Password Reset URL]"
      ],
      "unique": false
    },
    {
      "name": "values[Username]",
      "parts": [
        "values[Username]"
      ],
      "unique": false
    }
  ],
  "integrations": [],
  "name": "Account Password Reset",
  "notes": null,
  "pages": [
    {
      "advanceCondition": null,
      "displayCondition": null,
      "displayPage": "",
      "elements": [
        {
          "enabled": true,
          "dataType": "string",
          "defaultDataSource": "none",
          "requiredMessage": "Please enter your username",
          "name": "Username",
          "omitWhenHidden": null,
          "renderAttributes": {},
          "renderType": "text",
          "pattern": null,
          "defaultValue": "",
          "visible": true,
          "label": "Username",
          "constraints": [],
          "events": [],
          "rows": 1,
          "defaultResourceName": null,
          "type": "field",
          "key": "f1",
          "required": true
        },
        {
          "enabled": true,
          "dataType": "string",
          "defaultDataSource": "none",
          "requiredMessage": null,
          "name": "Display Name",
          "omitWhenHidden": false,
          "renderAttributes": {},
          "renderType": "text",
          "pattern": null,
          "defaultValue": null,
          "visible": false,
          "label": "Display Name",
          "constraints": [],
          "events": [],
          "rows": 1,
          "defaultResourceName": null,
          "type": "field",
          "key": "f2",
          "required": false
        },
        {
          "enabled": true,
          "dataType": "string",
          "defaultDataSource": "none",
          "requiredMessage": null,
          "name": "Password Reset URL",
          "omitWhenHidden": false,
          "renderAttributes": {},
          "renderType": "text",
          "pattern": null,
          "defaultValue": null,
          "visible": false,
          "label": "Password Reset URL",
          "constraints": [],
          "events": [],
          "rows": 1,
          "defaultResourceName": null,
          "type": "field",
          "key": "f3",
          "required": false
        },
        {
          "type": "section",
          "renderType": null,
          "name": "Footer",
          "title": null,
          "visible": true,
          "omitWhenHidden": null,
          "renderAttributes": {
            "class": "text-right"
          },
          "elements": [
            {
              "type": "button",
              "label": "Reset My Password",
              "name": "Submit Button",
              "visible": true,
              "enabled": true,
              "renderType": "submit-page",
              "renderAttributes": {
                "class": "btn btn-default"
              }
            }
          ]
        },
        {
          "type": "content",
          "renderType": "html",
          "name": "Already have a token",
          "text": "<a href=\"reset-password?confirmation\">I already have a reset token.</a>",
          "visible": false,
          "renderAttributes": {
            "class": "text-right"
          }
        }
      ],
      "events": [
        {
          "name": "Username to Lower Case",
          "type": "Submit",
          "action": "Set Fields",
          "mappings": [
            {
              "field": "Username",
              "value": "${values('Username').toLowerCase()}",
              "visible": null
            }
          ]
        }
      ],
      "name": "Page 1",
      "renderType": "submittable",
      "type": "page"
    },
    {
      "advanceCondition": null,
      "displayCondition": null,
      "displayPage": "pages/utilities/form.jsp",
      "elements": [
        {
          "type": "content",
          "renderType": "html",
          "name": "Check Email",
          "text": "<h2>Check your Email</h2>\n<p>In a few moments you should receive an email which will allow you to reset your password.</p>\n<p>If you don't receieve an email, contact your kinops administrator.</p>",
          "visible": true,
          "renderAttributes": {}
        }
      ],
      "events": [],
      "name": "Confirmation",
      "renderType": "confirmation",
      "type": "page"
    }
  ],
  "securityPolicies": [
    {
      "endpoint": "Display",
      "name": "Everyone"
    }
  ],
  "slug": "account-password-reset",
  "status": "Active",
  "submissionLabelExpression": "${values('Username')}",
  "type": "Utility"
}