{
  "anonymous": false,
  "attributes": [
    {
      "name": "Icon",
      "values": [
        "cat"
      ]
    },
    {
      "name": "Owning Team",
      "values": [
        "Fun Team"
      ]
    }
  ],
  "bridgedResources": [],
  "categorizations": [],
  "customHeadContent": null,
  "description": "Discover fascinating facts about cats!",
  "indexDefinitions": [
    {
      "name": "createdBy",
      "parts": [
        "createdBy"
      ],
      "unique": false
    },
    {
      "name": "submittedBy",
      "parts": [
        "submittedBy"
      ],
      "unique": false
    },
    {
      "name": "values[Status]",
      "parts": [
        "values[Status]"
      ],
      "unique": false
    },
    {
      "name": "values[User Name]",
      "parts": [
        "values[User Name]"
      ],
      "unique": false
    }
  ],
  "integrations": [],
  "name": "Cat Fact Explorer",
  "notes": null,
  "pages": [
    {
      "advanceCondition": null,
      "displayCondition": null,
      "displayPage": null,
      "elements": [
        {
          "type": "content",
          "renderType": "html",
          "name": "Welcome Message",
          "text": "<div class=\"alert alert-info\"><h4>🐱 Welcome to the Cat Fact Explorer!</h4><p>Prepare to be amazed by fascinating feline facts. Enter your name and choose how many cat facts you'd like to discover!</p></div>",
          "visible": true,
          "renderAttributes": {}
        },
        {
          "type": "section",
          "renderType": null,
          "name": "User Information",
          "title": "Your Information",
          "visible": true,
          "omitWhenHidden": null,
          "renderAttributes": {},
          "elements": [
            {
              "enabled": true,
              "dataType": "string",
              "defaultDataSource": "none",
              "requiredMessage": "Please enter your name so we can personalize your cat facts!",
              "name": "User Name",
              "omitWhenHidden": null,
              "renderAttributes": {
                "placeholder": "Enter your name"
              },
              "renderType": "text",
              "pattern": null,
              "defaultValue": null,
              "visible": true,
              "label": "Your Name",
              "constraints": [],
              "events": [],
              "rows": 1,
              "defaultResourceName": null,
              "type": "field",
              "key": "f001",
              "required": true
            },
            {
              "enabled": true,
              "dataType": "string",
              "defaultDataSource": "none",
              "requiredMessage": "Please select how many cat facts you'd like!",
              "name": "Number of Facts",
              "choicesResourceName": null,
              "omitWhenHidden": null,
              "renderAttributes": {},
              "renderType": "dropdown",
              "pattern": null,
              "defaultValue": "3",
              "visible": true,
              "choices": [
                {
                  "label": "1 Cat Fact",
                  "value": "1"
                },
                {
                  "label": "2 Cat Facts",
                  "value": "2"
                },
                {
                  "label": "3 Cat Facts",
                  "value": "3"
                },
                {
                  "label": "4 Cat Facts",
                  "value": "4"
                },
                {
                  "label": "5 Cat Facts",
                  "value": "5"
                }
              ],
              "label": "How many cat facts?",
              "choicesRunIf": null,
              "constraints": [],
              "choicesDataSource": "custom",
              "events": [],
              "defaultResourceName": null,
              "type": "field",
              "key": "f002",
              "required": true
            }
          ]
        },
        {
          "type": "section",
          "renderType": null,
          "name": "Footer",
          "title": null,
          "visible": true,
          "omitWhenHidden": null,
          "renderAttributes": {
            "class": "text-right"
          },
          "elements": [
            {
              "type": "button",
              "label": "Save for Later",
              "name": "Save",
              "visible": true,
              "enabled": true,
              "renderType": "save",
              "renderAttributes": {}
            },
            {
              "type": "button",
              "label": "Get My Cat Facts! 🐾",
              "name": "Submit",
              "visible": true,
              "enabled": true,
              "renderType": "submit-page",
              "renderAttributes": {}
            }
          ]
        },
        {
          "type": "section",
          "renderType": null,
          "name": "Hidden System Questions Do Not Delete",
          "title": "Hidden System Questions Do Not Delete",
          "visible": false,
          "omitWhenHidden": false,
          "renderAttributes": {},
          "elements": [
            {
              "enabled": true,
              "dataType": "string",
              "defaultDataSource": "none",
              "requiredMessage": null,
              "name": "Requested By",
              "omitWhenHidden": null,
              "renderAttributes": {},
              "renderType": "text",
              "pattern": null,
              "defaultValue": "${identity('username')}",
              "visible": true,
              "label": "Requested By",
              "constraints": [],
              "events": [],
              "rows": 1,
              "defaultResourceName": null,
              "type": "field",
              "key": "f003",
              "required": false
            },
            {
              "enabled": true,
              "dataType": "string",
              "defaultDataSource": "none",
              "requiredMessage": null,
              "name": "Requested By Display Name",
              "omitWhenHidden": null,
              "renderAttributes": {},
              "renderType": "text",
              "pattern": null,
              "defaultValue": "${identity('displayName')}",
              "visible": true,
              "label": "Requested By Display Name",
              "constraints": [],
              "events": [],
              "rows": 1,
              "defaultResourceName": null,
              "type": "field",
              "key": "f004",
              "required": false
            },
            {
              "enabled": true,
              "dataType": "string",
              "defaultDataSource": "none",
              "requiredMessage": null,
              "name": "Status",
              "omitWhenHidden": null,
              "renderAttributes": {},
              "renderType": "text",
              "pattern": null,
              "defaultValue": "Draft",
              "visible": true,
              "label": "Status",
              "constraints": [],
              "events": [],
              "rows": 1,
              "defaultResourceName": null,
              "type": "field",
              "key": "f005",
              "required": false
            }
          ]
        }
      ],
      "events": [],
      "name": "Cat Fact Request",
      "renderType": "submittable",
      "type": "page"
    }
  ],
  "securityPolicies": [
    {
      "endpoint": "Display",
      "name": "Authenticated Users"
    }
  ],
  "slug": "cat-fact-explorer",
  "status": "Active",
  "submissionLabelExpression": "Cat Facts for ${values('User Name')}",
  "type": "Service"
}