{
  "anonymous": false,
  "attributes": [
    {
      "name": "Icon",
      "values": [
        "infinity"
      ]
    },
    {
      "name": "Owning Team",
      "values": [
        "Facilities"
      ]
    },
    {
      "name": "Task Assignee Team",
      "values": [
        "Facilities"
      ]
    }
  ],
  "bridgedResources": [],
  "categorizations": [],
  "customHeadContent": null,
  "description": "All form inputs and fields",
  "indexDefinitions": [
    {
      "name": "closedBy",
      "parts": [
        "closedBy"
      ],
      "unique": false
    },
    {
      "name": "createdBy",
      "parts": [
        "createdBy"
      ],
      "unique": false
    },
    {
      "name": "handle",
      "parts": [
        "handle"
      ],
      "unique": false
    },
    {
      "name": "submittedBy",
      "parts": [
        "submittedBy"
      ],
      "unique": false
    },
    {
      "name": "type,coreState,createdBy",
      "parts": [
        "type",
        "coreState",
        "createdBy"
      ],
      "unique": false
    },
    {
      "name": "type,coreState,submittedBy",
      "parts": [
        "type",
        "coreState",
        "submittedBy"
      ],
      "unique": false
    },
    {
      "name": "type,coreState,values[Requested By]",
      "parts": [
        "type",
        "coreState",
        "values[Requested By]"
      ],
      "unique": false
    },
    {
      "name": "type,coreState,values[Requested For]",
      "parts": [
        "type",
        "coreState",
        "values[Requested For]"
      ],
      "unique": false
    },
    {
      "name": "type,createdBy",
      "parts": [
        "type",
        "createdBy"
      ],
      "unique": false
    },
    {
      "name": "type,submittedBy",
      "parts": [
        "type",
        "submittedBy"
      ],
      "unique": false
    },
    {
      "name": "type,values[Requested By]",
      "parts": [
        "type",
        "values[Requested By]"
      ],
      "unique": false
    },
    {
      "name": "type,values[Requested For]",
      "parts": [
        "type",
        "values[Requested For]"
      ],
      "unique": false
    },
    {
      "name": "updatedBy",
      "parts": [
        "updatedBy"
      ],
      "unique": false
    },
    {
      "name": "values[Checkbox Columns]",
      "parts": [
        "values[Checkbox Columns]"
      ],
      "unique": false
    },
    {
      "name": "values[Checkbox Not Required]",
      "parts": [
        "values[Checkbox Not Required]"
      ],
      "unique": false
    },
    {
      "name": "values[Checkbox Required]",
      "parts": [
        "values[Checkbox Required]"
      ],
      "unique": false
    },
    {
      "name": "values[Checkbox Uneditable]",
      "parts": [
        "values[Checkbox Uneditable]"
      ],
      "unique": false
    },
    {
      "name": "values[Checkbox Vertical]",
      "parts": [
        "values[Checkbox Vertical]"
      ],
      "unique": false
    },
    {
      "name": "values[Date Not Required]",
      "parts": [
        "values[Date Not Required]"
      ],
      "unique": false
    },
    {
      "name": "values[Date Required]",
      "parts": [
        "values[Date Required]"
      ],
      "unique": false
    },
    {
      "name": "values[Date Uneditable]",
      "parts": [
        "values[Date Uneditable]"
      ],
      "unique": false
    },
    {
      "name": "values[DateTime Not Required]",
      "parts": [
        "values[DateTime Not Required]"
      ],
      "unique": false
    },
    {
      "name": "values[DateTime Required]",
      "parts": [
        "values[DateTime Required]"
      ],
      "unique": false
    },
    {
      "name": "values[DateTime Uneditable]",
      "parts": [
        "values[DateTime Uneditable]"
      ],
      "unique": false
    },
    {
      "name": "values[Discussion Id]",
      "parts": [
        "values[Discussion Id]"
      ],
      "unique": false
    },
    {
      "name": "values[Dropdown Not Required]",
      "parts": [
        "values[Dropdown Not Required]"
      ],
      "unique": false
    },
    {
      "name": "values[Dropdown Required]",
      "parts": [
        "values[Dropdown Required]"
      ],
      "unique": false
    },
    {
      "name": "values[Dropdown Uneditable]",
      "parts": [
        "values[Dropdown Uneditable]"
      ],
      "unique": false
    },
    {
      "name": "values[No Label Checkbox Required]",
      "parts": [
        "values[No Label Checkbox Required]"
      ],
      "unique": false
    },
    {
      "name": "values[No Label Checkbox]",
      "parts": [
        "values[No Label Checkbox]"
      ],
      "unique": false
    },
    {
      "name": "values[Observing Individuals]",
      "parts": [
        "values[Observing Individuals]"
      ],
      "unique": false
    },
    {
      "name": "values[Observing Teams]",
      "parts": [
        "values[Observing Teams]"
      ],
      "unique": false
    },
    {
      "name": "values[Radio Not Required]",
      "parts": [
        "values[Radio Not Required]"
      ],
      "unique": false
    },
    {
      "name": "values[Radio Required]",
      "parts": [
        "values[Radio Required]"
      ],
      "unique": false
    },
    {
      "name": "values[Radio Uneditable]",
      "parts": [
        "values[Radio Uneditable]"
      ],
      "unique": false
    },
    {
      "name": "values[Requested By Display Name]",
      "parts": [
        "values[Requested By Display Name]"
      ],
      "unique": false
    },
    {
      "name": "values[Requested By]",
      "parts": [
        "values[Requested By]"
      ],
      "unique": false
    },
    {
      "name": "values[Requested By],values[Requested For]",
      "parts": [
        "values[Requested By]",
        "values[Requested For]"
      ],
      "unique": false
    },
    {
      "name": "values[Requested For Display Name]",
      "parts": [
        "values[Requested For Display Name]"
      ],
      "unique": false
    },
    {
      "name": "values[Requested For]",
      "parts": [
        "values[Requested For]"
      ],
      "unique": false
    },
    {
      "name": "values[Some Checkboxes]",
      "parts": [
        "values[Some Checkboxes]"
      ],
      "unique": false
    },
    {
      "name": "values[Some Text]",
      "parts": [
        "values[Some Text]"
      ],
      "unique": false
    },
    {
      "name": "values[Status]",
      "parts": [
        "values[Status]"
      ],
      "unique": false
    },
    {
      "name": "values[Status],createdBy",
      "parts": [
        "values[Status]",
        "createdBy"
      ],
      "unique": false
    },
    {
      "name": "values[Status],submittedBy",
      "parts": [
        "values[Status]",
        "submittedBy"
      ],
      "unique": false
    },
    {
      "name": "values[Status],values[Requested By]",
      "parts": [
        "values[Status]",
        "values[Requested By]"
      ],
      "unique": false
    },
    {
      "name": "values[Status],values[Requested For]",
      "parts": [
        "values[Status]",
        "values[Requested For]"
      ],
      "unique": false
    },
    {
      "name": "values[Text 1 Line Not Required]",
      "parts": [
        "values[Text 1 Line Not Required]"
      ],
      "unique": false
    },
    {
      "name": "values[Text 1 Line Not Uneditable]",
      "parts": [
        "values[Text 1 Line Not Uneditable]"
      ],
      "unique": false
    },
    {
      "name": "values[Text 1 Line Required]",
      "parts": [
        "values[Text 1 Line Required]"
      ],
      "unique": false
    },
    {
      "name": "values[Text Multi Line Not Required]",
      "parts": [
        "values[Text Multi Line Not Required]"
      ],
      "unique": false
    },
    {
      "name": "values[Text Multi Line Required]",
      "parts": [
        "values[Text Multi Line Required]"
      ],
      "unique": false
    },
    {
      "name": "values[Text Multi Line Uneditable]",
      "parts": [
        "values[Text Multi Line Uneditable]"
      ],
      "unique": false
    },
    {
      "name": "values[Time Not Required]",
      "parts": [
        "values[Time Not Required]"
      ],
      "unique": false
    },
    {
      "name": "values[Time Required]",
      "parts": [
        "values[Time Required]"
      ],
      "unique": false
    },
    {
      "name": "values[Time Uneditable]",
      "parts": [
        "values[Time Uneditable]"
      ],
      "unique": false
    }
  ],
  "integrations": [],
  "name": "Kitchen Sink Form",
  "notes": null,
  "pages": [
    {
      "advanceCondition": null,
      "displayCondition": null,
      "displayPage": null,
      "elements": [
        {
          "type": "section",
          "renderType": null,
          "name": "Section Header",
          "title": "Outer Section Title",
          "visible": true,
          "omitWhenHidden": null,
          "renderAttributes": {},
          "elements": [
            {
              "type": "section",
              "renderType": null,
              "name": "Attachments",
              "title": "Attachments SubSection Title",
              "visible": true,
              "omitWhenHidden": null,
              "renderAttributes": {},
              "elements": [
                {
                  "enabled": true,
                  "dataType": "file",
                  "defaultDataSource": "none",
                  "requiredMessage": null,
                  "name": "Attachment Not Required",
                  "omitWhenHidden": null,
                  "renderAttributes": {},
                  "renderType": "attachment",
                  "pattern": null,
                  "defaultValue": null,
                  "visible": true,
                  "label": "Attachment Not Required",
                  "constraints": [],
                  "allowMultiple": false,
                  "events": [],
                  "defaultResourceName": null,
                  "type": "field",
                  "key": "f913",
                  "required": false
                },
                {
                  "enabled": true,
                  "dataType": "file",
                  "defaultDataSource": "none",
                  "requiredMessage": null,
                  "name": "Attachment Required",
                  "omitWhenHidden": null,
                  "renderAttributes": {},
                  "renderType": "attachment",
                  "pattern": null,
                  "defaultValue": null,
                  "visible": true,
                  "label": "Attachment Required",
                  "constraints": [],
                  "allowMultiple": false,
                  "events": [],
                  "defaultResourceName": null,
                  "type": "field",
                  "key": "f914",
                  "required": true
                },
                {
                  "enabled": true,
                  "dataType": "file",
                  "defaultDataSource": "none",
                  "requiredMessage": null,
                  "name": "Attachment Multiple",
                  "omitWhenHidden": null,
                  "renderAttributes": {},
                  "renderType": "attachment",
                  "pattern": null,
                  "defaultValue": null,
                  "visible": true,
                  "label": "Attachment Multiple",
                  "constraints": [],
                  "allowMultiple": true,
                  "events": [],
                  "defaultResourceName": null,
                  "type": "field",
                  "key": "f924",
                  "required": true
                },
                {
                  "enabled": false,
                  "dataType": "file",
                  "defaultDataSource": "none",
                  "requiredMessage": null,
                  "name": "Attachment Uneditable",
                  "omitWhenHidden": null,
                  "renderAttributes": {},
                  "renderType": "attachment",
                  "pattern": null,
                  "defaultValue": null,
                  "visible": true,
                  "label": "Attachment Uneditable",
                  "constraints": [],
                  "allowMultiple": false,
                  "events": [],
                  "defaultResourceName": null,
                  "type": "field",
                  "key": "f915",
                  "required": false
                }
              ]
            },
            {
              "type": "section",
              "renderType": null,
              "name": "Checkbox",
              "title": "Checkbox SubSection Title",
              "visible": true,
              "omitWhenHidden": null,
              "renderAttributes": {},
              "elements": [
                {
                  "enabled": true,
                  "dataType": "json",
                  "defaultDataSource": "none",
                  "requiredMessage": null,
                  "name": "No Label Checkbox",
                  "choicesResourceName": null,
                  "omitWhenHidden": null,
                  "renderAttributes": {},
                  "renderType": "checkbox",
                  "pattern": null,
                  "defaultValue": null,
                  "visible": true,
                  "choices": [
                    {
                      "label": "I Agree to the Terms and Conditions",
                      "value": "I Agree to the Terms and Conditions"
                    }
                  ],
                  "label": "",
                  "choicesRunIf": null,
                  "constraints": [],
                  "choicesDataSource": "custom",
                  "events": [],
                  "defaultResourceName": null,
                  "type": "field",
                  "key": "f938",
                  "required": false
                },
                {
                  "enabled": true,
                  "dataType": "json",
                  "defaultDataSource": "none",
                  "requiredMessage": null,
                  "name": "No Label Checkbox Required",
                  "choicesResourceName": null,
                  "omitWhenHidden": null,
                  "renderAttributes": {
                    "class": "empty-label"
                  },
                  "renderType": "checkbox",
                  "pattern": null,
                  "defaultValue": null,
                  "visible": true,
                  "choices": [
                    {
                      "label": "I Agree to the Terms and Conditions",
                      "value": "I Agree to the Terms and Conditions"
                    }
                  ],
                  "label": "",
                  "choicesRunIf": null,
                  "constraints": [],
                  "choicesDataSource": "custom",
                  "events": [],
                  "defaultResourceName": null,
                  "type": "field",
                  "key": "c035d8e9b9ea4f45b40ddff85b57cb8c",
                  "required": true
                },
                {
                  "enabled": true,
                  "dataType": "json",
                  "defaultDataSource": "none",
                  "requiredMessage": null,
                  "name": "Checkbox Not Required",
                  "choicesResourceName": null,
                  "omitWhenHidden": null,
                  "renderAttributes": {},
                  "renderType": "checkbox",
                  "pattern": null,
                  "defaultValue": "True",
                  "visible": true,
                  "choices": [
                    {
                      "label": "Option A",
                      "value": "Option A"
                    },
                    {
                      "label": "Option B",
                      "value": "Option B"
                    },
                    {
                      "label": "Option C",
                      "value": "Option C"
                    }
                  ],
                  "label": "Checkbox Not Required",
                  "choicesRunIf": null,
                  "constraints": [],
                  "choicesDataSource": "custom",
                  "events": [],
                  "defaultResourceName": null,
                  "type": "field",
                  "key": "f918",
                  "required": false
                },
                {
                  "enabled": true,
                  "dataType": "json",
                  "defaultDataSource": "none",
                  "requiredMessage": null,
                  "name": "Checkbox Vertical",
                  "choicesResourceName": null,
                  "omitWhenHidden": null,
                  "renderAttributes": {
                    "class": "vertical"
                  },
                  "renderType": "checkbox",
                  "pattern": null,
                  "defaultValue": "True",
                  "visible": true,
                  "choices": [
                    {
                      "label": "Option A",
                      "value": "Option A"
                    },
                    {
                      "label": "Option B",
                      "value": "Option B"
                    },
                    {
                      "label": "Option C",
                      "value": "Option C"
                    }
                  ],
                  "label": "Checkbox Vertical",
                  "choicesRunIf": null,
                  "constraints": [],
                  "choicesDataSource": "custom",
                  "events": [],
                  "defaultResourceName": null,
                  "type": "field",
                  "key": "f937",
                  "required": false
                },
                {
                  "enabled": true,
                  "dataType": "json",
                  "defaultDataSource": "none",
                  "requiredMessage": null,
                  "name": "Checkbox Required",
                  "choicesResourceName": null,
                  "omitWhenHidden": null,
                  "renderAttributes": {},
                  "renderType": "checkbox",
                  "pattern": null,
                  "defaultValue": null,
                  "visible": true,
                  "choices": [
                    {
                      "label": "Option A",
                      "value": "Option A"
                    },
                    {
                      "label": "Option B",
                      "value": "Option B"
                    },
                    {
                      "label": "Option C",
                      "value": "Option C"
                    }
                  ],
                  "label": "Checkbox Required",
                  "choicesRunIf": null,
                  "constraints": [],
                  "choicesDataSource": "custom",
                  "events": [],
                  "defaultResourceName": null,
                  "type": "field",
                  "key": "f919",
                  "required": true
                },
                {
                  "enabled": false,
                  "dataType": "json",
                  "defaultDataSource": "none",
                  "requiredMessage": null,
                  "name": "Checkbox Uneditable",
                  "choicesResourceName": null,
                  "omitWhenHidden": null,
                  "renderAttributes": {},
                  "renderType": "checkbox",
                  "pattern": null,
                  "defaultValue": null,
                  "visible": true,
                  "choices": [
                    {
                      "label": "Option A",
                      "value": "Option A"
                    },
                    {
                      "label": "Option B",
                      "value": "Option B"
                    },
                    {
                      "label": "Option C",
                      "value": "Option C"
                    }
                  ],
                  "label": "Checkbox Uneditable",
                  "choicesRunIf": null,
                  "constraints": [],
                  "choicesDataSource": "custom",
                  "events": [],
                  "defaultResourceName": null,
                  "type": "field",
                  "key": "f920",
                  "required": false
                },
                {
                  "enabled": true,
                  "dataType": "json",
                  "defaultDataSource": "none",
                  "requiredMessage": null,
                  "name": "Checkbox Columns",
                  "choicesResourceName": null,
                  "omitWhenHidden": null,
                  "renderAttributes": {
                    "class": "cols-2"
                  },
                  "renderType": "checkbox",
                  "pattern": null,
                  "defaultValue": "True",
                  "visible": true,
                  "choices": [
                    {
                      "label": "Option A",
                      "value": "Option A"
                    },
                    {
                      "label": "Option B",
                      "value": "Option B"
                    },
                    {
                      "label": "Option C",
                      "value": "Option C"
                    },
                    {
                      "label": "Option D",
                      "value": "Option D"
                    },
                    {
                      "label": "Option E",
                      "value": "Option E"
                    }
                  ],
                  "label": "Checkbox Columns",
                  "choicesRunIf": null,
                  "constraints": [],
                  "choicesDataSource": "custom",
                  "events": [],
                  "defaultResourceName": null,
                  "type": "field",
                  "key": "c1610ec07cc349e4afa9f158af0b41ff",
                  "required": false
                }
              ]
            },
            {
              "type": "section",
              "renderType": null,
              "name": "Date",
              "title": "Date SubSection Title",
              "visible": true,
              "omitWhenHidden": null,
              "renderAttributes": {},
              "elements": [
                {
                  "enabled": true,
                  "dataType": "string",
                  "defaultDataSource": "none",
                  "requiredMessage": null,
                  "name": "Date Not Required",
                  "omitWhenHidden": null,
                  "renderAttributes": {},
                  "renderType": "date",
                  "pattern": null,
                  "defaultValue": null,
                  "visible": true,
                  "label": "Date Not Required",
                  "constraints": [],
                  "events": [],
                  "defaultResourceName": null,
                  "type": "field",
                  "key": "f921",
                  "required": false
                },
                {
                  "enabled": true,
                  "dataType": "string",
                  "defaultDataSource": "none",
                  "requiredMessage": null,
                  "name": "Date Required",
                  "omitWhenHidden": null,
                  "renderAttributes": {},
                  "renderType": "date",
                  "pattern": null,
                  "defaultValue": null,
                  "visible": true,
                  "label": "Date Required",
                  "constraints": [],
                  "events": [],
                  "defaultResourceName": null,
                  "type": "field",
                  "key": "f922",
                  "required": true
                },
                {
                  "enabled": false,
                  "dataType": "string",
                  "defaultDataSource": "none",
                  "requiredMessage": null,
                  "name": "Date Uneditable",
                  "omitWhenHidden": null,
                  "renderAttributes": {},
                  "renderType": "date",
                  "pattern": null,
                  "defaultValue": null,
                  "visible": true,
                  "label": "Date Uneditable",
                  "constraints": [],
                  "events": [],
                  "defaultResourceName": null,
                  "type": "field",
                  "key": "f923",
                  "required": false
                }
              ]
            },
            {
              "type": "section",
              "renderType": null,
              "name": "DateTime",
              "title": "DateTime SubSection Title",
              "visible": true,
              "omitWhenHidden": null,
              "renderAttributes": {},
              "elements": [
                {
                  "enabled": true,
                  "dataType": "string",
                  "defaultDataSource": "none",
                  "requiredMessage": null,
                  "name": "DateTime Not Required",
                  "omitWhenHidden": null,
                  "renderAttributes": {},
                  "renderType": "datetime",
                  "pattern": null,
                  "defaultValue": null,
                  "visible": true,
                  "label": "DateTime Not Required",
                  "constraints": [],
                  "events": [],
                  "defaultResourceName": null,
                  "type": "field",
                  "key": "f925",
                  "required": false
                },
                {
                  "enabled": true,
                  "dataType": "string",
                  "defaultDataSource": "none",
                  "requiredMessage": null,
                  "name": "DateTime Required",
                  "omitWhenHidden": null,
                  "renderAttributes": {},
                  "renderType": "datetime",
                  "pattern": null,
                  "defaultValue": null,
                  "visible": true,
                  "label": "DateTime Required",
                  "constraints": [],
                  "events": [],
                  "defaultResourceName": null,
                  "type": "field",
                  "key": "f926",
                  "required": true
                },
                {
                  "enabled": false,
                  "dataType": "string",
                  "defaultDataSource": "none",
                  "requiredMessage": null,
                  "name": "DateTime Uneditable",
                  "omitWhenHidden": null,
                  "renderAttributes": {},
                  "renderType": "datetime",
                  "pattern": null,
                  "defaultValue": null,
                  "visible": true,
                  "label": "DateTime Not Required",
                  "constraints": [],
                  "events": [],
                  "defaultResourceName": null,
                  "type": "field",
                  "key": "f927",
                  "required": false
                }
              ]
            },
            {
              "type": "section",
              "renderType": null,
              "name": "Dropdown",
              "title": "Dropdown SubSection Title",
              "visible": true,
              "omitWhenHidden": null,
              "renderAttributes": {},
              "elements": [
                {
                  "enabled": true,
                  "dataType": "string",
                  "defaultDataSource": "none",
                  "requiredMessage": null,
                  "name": "Dropdown Not Required",
                  "choicesResourceName": null,
                  "omitWhenHidden": null,
                  "renderAttributes": {},
                  "renderType": "dropdown",
                  "pattern": null,
                  "defaultValue": null,
                  "visible": true,
                  "choices": [
                    {
                      "label": "Option A",
                      "value": "Option A"
                    },
                    {
                      "label": "Option B",
                      "value": "Option B"
                    },
                    {
                      "label": "Option C",
                      "value": "Option C"
                    }
                  ],
                  "label": "Dropdown Not Required",
                  "choicesRunIf": null,
                  "constraints": [],
                  "choicesDataSource": "custom",
                  "events": [],
                  "defaultResourceName": null,
                  "type": "field",
                  "key": "f928",
                  "required": false
                },
                {
                  "enabled": true,
                  "dataType": "string",
                  "defaultDataSource": "none",
                  "requiredMessage": null,
                  "name": "Dropdown Required",
                  "choicesResourceName": null,
                  "omitWhenHidden": null,
                  "renderAttributes": {},
                  "renderType": "dropdown",
                  "pattern": null,
                  "defaultValue": null,
                  "visible": true,
                  "choices": [
                    {
                      "label": "Option A",
                      "value": "Option A"
                    },
                    {
                      "label": "Option B",
                      "value": "Option B"
                    },
                    {
                      "label": "Option C",
                      "value": "Option C"
                    }
                  ],
                  "label": "Dropdown Required",
                  "choicesRunIf": null,
                  "constraints": [],
                  "choicesDataSource": "custom",
                  "events": [],
                  "defaultResourceName": null,
                  "type": "field",
                  "key": "f929",
                  "required": true
                },
                {
                  "enabled": false,
                  "dataType": "string",
                  "defaultDataSource": "none",
                  "requiredMessage": null,
                  "name": "Dropdown Uneditable",
                  "choicesResourceName": null,
                  "omitWhenHidden": null,
                  "renderAttributes": {},
                  "renderType": "dropdown",
                  "pattern": null,
                  "defaultValue": null,
                  "visible": true,
                  "choices": [
                    {
                      "label": "Option A",
                      "value": "Option A"
                    },
                    {
                      "label": "Option B",
                      "value": "Option B"
                    },
                    {
                      "label": "Option C",
                      "value": "Option C"
                    }
                  ],
                  "label": "Dropdown Required",
                  "choicesRunIf": null,
                  "constraints": [],
                  "choicesDataSource": "custom",
                  "events": [],
                  "defaultResourceName": null,
                  "type": "field",
                  "key": "f930",
                  "required": false
                }
              ]
            },
            {
              "type": "section",
              "renderType": null,
              "name": "Radio",
              "title": "Radio SubSection Title",
              "visible": true,
              "omitWhenHidden": null,
              "renderAttributes": {},
              "elements": [
                {
                  "enabled": true,
                  "dataType": "string",
                  "defaultDataSource": "none",
                  "requiredMessage": null,
                  "name": "Radio Not Required",
                  "choicesResourceName": null,
                  "omitWhenHidden": null,
                  "renderAttributes": {},
                  "renderType": "radio",
                  "pattern": null,
                  "defaultValue": null,
                  "visible": true,
                  "choices": [
                    {
                      "label": "Option A",
                      "value": "Option A"
                    },
                    {
                      "label": "Option B",
                      "value": "Option B"
                    },
                    {
                      "label": "Option C",
                      "value": "Option C"
                    }
                  ],
                  "label": "Radio Not Required",
                  "choicesRunIf": null,
                  "constraints": [],
                  "choicesDataSource": "custom",
                  "events": [],
                  "defaultResourceName": null,
                  "type": "field",
                  "key": "f931",
                  "required": false
                },
                {
                  "enabled": true,
                  "dataType": "string",
                  "defaultDataSource": "none",
                  "requiredMessage": null,
                  "name": "Radio Required",
                  "choicesResourceName": null,
                  "omitWhenHidden": null,
                  "renderAttributes": {},
                  "renderType": "radio",
                  "pattern": null,
                  "defaultValue": null,
                  "visible": true,
                  "choices": [
                    {
                      "label": "Option A",
                      "value": "Option A"
                    },
                    {
                      "label": "Option B",
                      "value": "Option B"
                    },
                    {
                      "label": "Option C",
                      "value": "Option C"
                    }
                  ],
                  "label": "Radio Required",
                  "choicesRunIf": null,
                  "constraints": [],
                  "choicesDataSource": "custom",
                  "events": [],
                  "defaultResourceName": null,
                  "type": "field",
                  "key": "f932",
                  "required": true
                },
                {
                  "enabled": false,
                  "dataType": "string",
                  "defaultDataSource": "none",
                  "requiredMessage": null,
                  "name": "Radio Uneditable",
                  "choicesResourceName": null,
                  "omitWhenHidden": null,
                  "renderAttributes": {},
                  "renderType": "radio",
                  "pattern": null,
                  "defaultValue": null,
                  "visible": true,
                  "choices": [
                    {
                      "label": "Option A",
                      "value": "Option A"
                    },
                    {
                      "label": "Option B",
                      "value": "Option B"
                    },
                    {
                      "label": "Option C",
                      "value": "Option C"
                    }
                  ],
                  "label": "Radio Uneditable",
                  "choicesRunIf": null,
                  "constraints": [],
                  "choicesDataSource": "custom",
                  "events": [],
                  "defaultResourceName": null,
                  "type": "field",
                  "key": "f936",
                  "required": false
                }
              ]
            },
            {
              "type": "section",
              "renderType": null,
              "name": "Text",
              "title": "Text SubSection Title",
              "visible": true,
              "omitWhenHidden": null,
              "renderAttributes": {},
              "elements": [
                {
                  "enabled": true,
                  "dataType": "string",
                  "defaultDataSource": "none",
                  "requiredMessage": null,
                  "name": "Text 1 Line Not Required",
                  "omitWhenHidden": null,
                  "renderAttributes": {
                    "aria-describedby": "helpTextForStreetAddress",
                    "placeholder": "Some Placeholder Text"
                  },
                  "renderType": "text",
                  "pattern": null,
                  "defaultValue": "",
                  "visible": true,
                  "label": "Text 1 Line Not Required",
                  "constraints": [],
                  "events": [],
                  "rows": 1,
                  "defaultResourceName": null,
                  "type": "field",
                  "key": "f1",
                  "required": false
                },
                {
                  "type": "content",
                  "renderType": "html",
                  "name": "Helper Text For Street Address",
                  "text": "<span class=\"form-text\">Help text goes here. </span>",
                  "visible": true,
                  "renderAttributes": {
                    "id": "helpTextForStreetAddress"
                  }
                },
                {
                  "enabled": true,
                  "dataType": "string",
                  "defaultDataSource": "none",
                  "requiredMessage": "Text 1 line required needs to be filled out.",
                  "name": "Text 1 Line Required",
                  "omitWhenHidden": null,
                  "renderAttributes": {},
                  "renderType": "text",
                  "pattern": null,
                  "defaultValue": null,
                  "visible": true,
                  "label": "Text 1 Line Required",
                  "constraints": [],
                  "events": [],
                  "rows": 1,
                  "defaultResourceName": null,
                  "type": "field",
                  "key": "f910",
                  "required": true
                },
                {
                  "enabled": false,
                  "dataType": "string",
                  "defaultDataSource": "none",
                  "requiredMessage": null,
                  "name": "Text 1 Line Not Uneditable",
                  "omitWhenHidden": null,
                  "renderAttributes": {},
                  "renderType": "text",
                  "pattern": null,
                  "defaultValue": null,
                  "visible": true,
                  "label": "Text 1 Line Not Uneditable",
                  "constraints": [],
                  "events": [],
                  "rows": 1,
                  "defaultResourceName": null,
                  "type": "field",
                  "key": "f916",
                  "required": false
                },
                {
                  "enabled": true,
                  "dataType": "string",
                  "defaultDataSource": "none",
                  "requiredMessage": null,
                  "name": "Text Multi Line Required",
                  "omitWhenHidden": null,
                  "renderAttributes": {
                    "placeholder": "Some Placeholder Text"
                  },
                  "renderType": "text",
                  "pattern": null,
                  "defaultValue": null,
                  "visible": true,
                  "label": "Text Multi Line Required",
                  "constraints": [],
                  "events": [],
                  "rows": 3,
                  "defaultResourceName": null,
                  "type": "field",
                  "key": "f911",
                  "required": true
                },
                {
                  "enabled": true,
                  "dataType": "string",
                  "defaultDataSource": "none",
                  "requiredMessage": null,
                  "name": "Text Multi Line Not Required",
                  "omitWhenHidden": null,
                  "renderAttributes": {},
                  "renderType": "text",
                  "pattern": null,
                  "defaultValue": null,
                  "visible": true,
                  "label": "Text Multi Line Not Required",
                  "constraints": [],
                  "events": [],
                  "rows": 3,
                  "defaultResourceName": null,
                  "type": "field",
                  "key": "f912",
                  "required": false
                },
                {
                  "enabled": false,
                  "dataType": "string",
                  "defaultDataSource": "none",
                  "requiredMessage": null,
                  "name": "Text Multi Line Uneditable",
                  "omitWhenHidden": null,
                  "renderAttributes": {},
                  "renderType": "text",
                  "pattern": null,
                  "defaultValue": null,
                  "visible": true,
                  "label": "Text Multi Line Uneditable",
                  "constraints": [],
                  "events": [],
                  "rows": 3,
                  "defaultResourceName": null,
                  "type": "field",
                  "key": "f917",
                  "required": false
                }
              ]
            },
            {
              "type": "section",
              "renderType": null,
              "name": "Time",
              "title": "Time SubSection Title",
              "visible": true,
              "omitWhenHidden": null,
              "renderAttributes": {},
              "elements": [
                {
                  "enabled": true,
                  "dataType": "string",
                  "defaultDataSource": "none",
                  "requiredMessage": null,
                  "name": "Time Not Required",
                  "omitWhenHidden": null,
                  "renderAttributes": {},
                  "renderType": "time",
                  "pattern": null,
                  "defaultValue": null,
                  "visible": true,
                  "label": "Time Not Required",
                  "constraints": [],
                  "events": [],
                  "defaultResourceName": null,
                  "type": "field",
                  "key": "f933",
                  "required": false
                },
                {
                  "enabled": true,
                  "dataType": "string",
                  "defaultDataSource": "none",
                  "requiredMessage": null,
                  "name": "Time Required",
                  "omitWhenHidden": null,
                  "renderAttributes": {},
                  "renderType": "time",
                  "pattern": null,
                  "defaultValue": null,
                  "visible": true,
                  "label": "Time Required",
                  "constraints": [],
                  "events": [],
                  "defaultResourceName": null,
                  "type": "field",
                  "key": "f934",
                  "required": true
                },
                {
                  "enabled": false,
                  "dataType": "string",
                  "defaultDataSource": "none",
                  "requiredMessage": null,
                  "name": "Time Uneditable",
                  "omitWhenHidden": null,
                  "renderAttributes": {},
                  "renderType": "time",
                  "pattern": null,
                  "defaultValue": null,
                  "visible": true,
                  "label": "Time Uneditable",
                  "constraints": [],
                  "events": [],
                  "defaultResourceName": null,
                  "type": "field",
                  "key": "f935",
                  "required": false
                }
              ]
            }
          ]
        },
        {
          "type": "content",
          "renderType": "text",
          "name": "Plain Text",
          "text": "This is a plain text element. This is a plain text element. This is a plain text element. This is a plain text element. This is a plain text element. This is a plain text element. This is a plain text element. This is a plain text element. This is a plain text element. This is a plain text element. This is a plain text element. This is a plain text element. This is a plain text element. This is a plain text element.",
          "visible": true,
          "renderAttributes": {}
        },
        {
          "type": "section",
          "renderType": null,
          "name": "Columns",
          "title": null,
          "visible": true,
          "omitWhenHidden": null,
          "renderAttributes": {
            "class": "cols-2"
          },
          "elements": [
            {
              "type": "content",
              "renderType": "html",
              "name": "Text Left",
              "text": "<p>Lorem Ipsum is simply dummy text of the printing and typesetting industry. Lorem Ipsum has been the industry's standard dummy text ever since the 1500s, when an unknown printer took a galley of type and scrambled it to make a type specimen book. It has survived not only five centuries, but also the leap into electronic typesetting, remaining essentially unchanged. It was popularised in the 1960s with the release of Letraset sheets containing Lorem Ipsum passages, and more recently with desktop publishing software like Aldus PageMaker including versions of Lorem Ipsum.</p>",
              "visible": true,
              "renderAttributes": {}
            },
            {
              "type": "content",
              "renderType": "html",
              "name": "Text Right",
              "text": "<p>Lorem Ipsum is simply dummy text of the printing and typesetting industry. Lorem Ipsum has been the industry's standard dummy text ever since the 1500s, when an unknown printer took a galley of type and scrambled it to make a type specimen book. It has survived not only five centuries, but also the leap into electronic typesetting, remaining essentially unchanged. It was popularised in the 1960s with the release of Letraset sheets containing Lorem Ipsum passages, and more recently with desktop publishing software like Aldus PageMaker including versions of Lorem Ipsum.</p>",
              "visible": true,
              "renderAttributes": {}
            }
          ]
        },
        {
          "type": "section",
          "renderType": null,
          "name": "Columns 3",
          "title": null,
          "visible": true,
          "omitWhenHidden": null,
          "renderAttributes": {
            "class": "cols-3"
          },
          "elements": [
            {
              "type": "content",
              "renderType": "html",
              "name": "Left",
              "text": "<p>Lorem Ipsum is simply dummy text of the printing and typesetting industry. Lorem Ipsum has been the industry's standard dummy text ever since the 1500s, when an unknown printer took a galley of type and scrambled it to make a type specimen book. It has survived not only five centuries, but also the leap into electronic typesetting, remaining essentially unchanged. It was popularised in the 1960s with the release of Letraset sheets containing Lorem Ipsum passages, and more recently with desktop publishing software like Aldus PageMaker including versions of Lorem Ipsum.</p>",
              "visible": true,
              "renderAttributes": {}
            },
            {
              "type": "button",
              "renderType": "custom",
              "name": "A Button",
              "label": "A Button",
              "visible": true,
              "enabled": true,
              "renderAttributes": {},
              "events": []
            },
            {
              "type": "content",
              "renderType": "html",
              "name": "Middle",
              "text": "<p>Lorem Ipsum is simply dummy text of the printing and typesetting industry. Lorem Ipsum has been the industry's standard dummy text ever since the 1500s, when an unknown printer took a galley of type and scrambled it to make a type specimen book. It has survived not only five centuries, but also the leap into electronic typesetting, remaining essentially unchanged. It was popularised in the 1960s with the release of Letraset sheets containing Lorem Ipsum passages, and more recently with desktop publishing software like Aldus PageMaker including versions of Lorem Ipsum.</p>",
              "visible": true,
              "renderAttributes": {}
            },
            {
              "enabled": true,
              "dataType": "string",
              "defaultDataSource": "none",
              "requiredMessage": null,
              "name": "Some Text",
              "omitWhenHidden": null,
              "renderAttributes": {},
              "renderType": "text",
              "pattern": null,
              "defaultValue": null,
              "visible": true,
              "label": "Some Text",
              "constraints": [],
              "events": [],
              "rows": 1,
              "defaultResourceName": null,
              "type": "field",
              "key": "37855b50c5e1401494e60dceb948358f",
              "required": false
            },
            {
              "type": "content",
              "renderType": "html",
              "name": "Right",
              "text": "<p>Lorem Ipsum is simply dummy text of the printing and typesetting industry. Lorem Ipsum has been the industry's standard dummy text ever since the 1500s, when an unknown printer took a galley of type and scrambled it to make a type specimen book. It has survived not only five centuries, but also the leap into electronic typesetting, remaining essentially unchanged. It was popularised in the 1960s with the release of Letraset sheets containing Lorem Ipsum passages, and more recently with desktop publishing software like Aldus PageMaker including versions of Lorem Ipsum.</p>",
              "visible": true,
              "renderAttributes": {}
            },
            {
              "enabled": true,
              "dataType": "json",
              "defaultDataSource": "none",
              "requiredMessage": null,
              "name": "Some Checkboxes",
              "choicesResourceName": null,
              "omitWhenHidden": null,
              "renderAttributes": {},
              "renderType": "checkbox",
              "pattern": null,
              "defaultValue": null,
              "visible": true,
              "choices": [
                {
                  "label": "One",
                  "value": "One"
                },
                {
                  "label": "Two",
                  "value": "Two"
                },
                {
                  "label": "Three",
                  "value": "Three"
                }
              ],
              "label": "Some Checkboxes",
              "choicesResourceProperty": null,
              "choicesRunIf": null,
              "constraints": [],
              "choicesDataSource": "custom",
              "events": [],
              "defaultResourceName": null,
              "type": "field",
              "key": "e08a156875c340a7b9a09a61dc608e48",
              "required": false
            }
          ]
        },
        {
          "type": "section",
          "renderType": null,
          "name": "Footer",
          "title": null,
          "visible": true,
          "omitWhenHidden": null,
          "renderAttributes": {
            "class": "text-right"
          },
          "elements": [
            {
              "type": "button",
              "label": "Previous",
              "name": "Previous",
              "visible": true,
              "enabled": true,
              "renderType": "previous-page",
              "renderAttributes": {}
            },
            {
              "type": "button",
              "label": "Custom",
              "name": "Custom",
              "visible": true,
              "enabled": true,
              "renderType": "custom",
              "renderAttributes": {},
              "events": []
            },
            {
              "type": "button",
              "label": "Save",
              "name": "Save",
              "visible": true,
              "enabled": true,
              "renderType": "save",
              "renderAttributes": {}
            },
            {
              "type": "button",
              "label": "Submit",
              "name": "Submit",
              "visible": true,
              "enabled": true,
              "renderType": "submit-page",
              "renderAttributes": {}
            }
          ]
        },
        {
          "type": "section",
          "renderType": null,
          "name": "Hidden System Questions Do Not Delete",
          "title": "Hidden System Questions Do Not Delete",
          "visible": false,
          "omitWhenHidden": false,
          "renderAttributes": {},
          "elements": [
            {
              "enabled": true,
              "dataType": "string",
              "defaultDataSource": "none",
              "requiredMessage": null,
              "name": "Requested For",
              "omitWhenHidden": null,
              "renderAttributes": {},
              "renderType": "text",
              "pattern": null,
              "defaultValue": "${identity('username')}",
              "visible": true,
              "label": "Requested For",
              "constraints": [],
              "events": [],
              "rows": 1,
              "defaultResourceName": null,
              "type": "field",
              "key": "f908",
              "required": false
            },
            {
              "enabled": true,
              "dataType": "string",
              "defaultDataSource": "none",
              "requiredMessage": null,
              "name": "Requested For Display Name",
              "omitWhenHidden": null,
              "renderAttributes": {},
              "renderType": "text",
              "pattern": null,
              "defaultValue": "${identity('displayName')}",
              "visible": true,
              "label": "Requested For Display Name",
              "constraints": [],
              "events": [],
              "rows": 1,
              "defaultResourceName": null,
              "type": "field",
              "key": "f909",
              "required": false
            },
            {
              "enabled": true,
              "dataType": "string",
              "defaultDataSource": "none",
              "requiredMessage": null,
              "name": "Requested By",
              "omitWhenHidden": null,
              "renderAttributes": {},
              "renderType": "text",
              "pattern": null,
              "defaultValue": "${identity('username')}",
              "visible": true,
              "label": "Requested By",
              "constraints": [],
              "events": [],
              "rows": 1,
              "defaultResourceName": null,
              "type": "field",
              "key": "f906",
              "required": false
            },
            {
              "enabled": true,
              "dataType": "string",
              "defaultDataSource": "none",
              "requiredMessage": null,
              "name": "Requested By Display Name",
              "omitWhenHidden": null,
              "renderAttributes": {},
              "renderType": "text",
              "pattern": null,
              "defaultValue": "${identity('displayName')}",
              "visible": true,
              "label": "Requested By Display Name",
              "constraints": [],
              "events": [],
              "rows": 1,
              "defaultResourceName": null,
              "type": "field",
              "key": "f907",
              "required": false
            },
            {
              "enabled": true,
              "dataType": "string",
              "defaultDataSource": "none",
              "requiredMessage": null,
              "name": "Discussion Id",
              "omitWhenHidden": null,
              "renderAttributes": {},
              "renderType": "text",
              "pattern": null,
              "defaultValue": null,
              "visible": true,
              "label": "Discussion Id",
              "constraints": [],
              "events": [],
              "rows": 1,
              "defaultResourceName": null,
              "type": "field",
              "key": "f902",
              "required": false
            },
            {
              "enabled": true,
              "dataType": "json",
              "defaultDataSource": "none",
              "requiredMessage": null,
              "name": "Observing Teams",
              "choicesResourceName": null,
              "omitWhenHidden": null,
              "renderAttributes": {},
              "renderType": "checkbox",
              "pattern": null,
              "defaultValue": null,
              "visible": true,
              "choices": [],
              "label": "Observing Teams",
              "choicesRunIf": null,
              "constraints": [],
              "choicesDataSource": "custom",
              "events": [],
              "defaultResourceName": null,
              "type": "field",
              "key": "f904",
              "required": false
            },
            {
              "enabled": true,
              "dataType": "json",
              "defaultDataSource": "none",
              "requiredMessage": null,
              "name": "Observing Individuals",
              "choicesResourceName": null,
              "omitWhenHidden": null,
              "renderAttributes": {},
              "renderType": "checkbox",
              "pattern": null,
              "defaultValue": null,
              "visible": true,
              "choices": [],
              "label": "Observing Individuals",
              "choicesRunIf": null,
              "constraints": [],
              "choicesDataSource": "custom",
              "events": [],
              "defaultResourceName": null,
              "type": "field",
              "key": "f905",
              "required": false
            },
            {
              "enabled": true,
              "dataType": "string",
              "defaultDataSource": "none",
              "requiredMessage": null,
              "name": "Status",
              "omitWhenHidden": null,
              "renderAttributes": {},
              "renderType": "text",
              "pattern": null,
              "defaultValue": "Draft",
              "visible": true,
              "label": "Status",
              "constraints": [],
              "events": [],
              "rows": 1,
              "defaultResourceName": null,
              "type": "field",
              "key": "f901",
              "required": false
            }
          ]
        }
      ],
      "events": [],
      "name": "Page 1",
      "renderType": "submittable",
      "type": "page"
    }
  ],
  "securityPolicies": [
    {
      "endpoint": "Display",
      "name": "Authenticated Users"
    }
  ],
  "slug": "kitchen-sink-form",
  "status": "Active",
  "submissionLabelExpression": "",
  "type": "Service"
}