{
  "anonymous": false,
  "attributes": [],
  "bridgedResources": [],
  "categorizations": [
    {
      "category": {
        "slug": "hr--employee-services"
      }
    }
  ],
  "customHeadContent": null,
  "description": "",
  "indexDefinitions": [
    {
      "name": "closedBy",
      "parts": [
        "closedBy"
      ],
      "unique": false
    },
    {
      "name": "createdBy",
      "parts": [
        "createdBy"
      ],
      "unique": false
    },
    {
      "name": "handle",
      "parts": [
        "handle"
      ],
      "unique": false
    },
    {
      "name": "submittedBy",
      "parts": [
        "submittedBy"
      ],
      "unique": false
    },
    {
      "name": "updatedBy",
      "parts": [
        "updatedBy"
      ],
      "unique": false
    },
    {
      "name": "values[Department]",
      "parts": [
        "values[Department]"
      ],
      "unique": false
    },
    {
      "name": "values[End Date]",
      "parts": [
        "values[End Date]"
      ],
      "unique": false
    },
    {
      "name": "values[Leave Type]",
      "parts": [
        "values[Leave Type]"
      ],
      "unique": false
    },
    {
      "name": "values[Manager]",
      "parts": [
        "values[Manager]"
      ],
      "unique": false
    },
    {
      "name": "values[Observing Individuals]",
      "parts": [
        "values[Observing Individuals]"
      ],
      "unique": false
    },
    {
      "name": "values[Observing Teams]",
      "parts": [
        "values[Observing Teams]"
      ],
      "unique": false
    },
    {
      "name": "values[Reason for Leave]",
      "parts": [
        "values[Reason for Leave]"
      ],
      "unique": false
    },
    {
      "name": "values[Requested for Display Name]",
      "parts": [
        "values[Requested for Display Name]"
      ],
      "unique": false
    },
    {
      "name": "values[Requested for Username]",
      "parts": [
        "values[Requested for Username]"
      ],
      "unique": false
    },
    {
      "name": "values[Start Date]",
      "parts": [
        "values[Start Date]"
      ],
      "unique": false
    },
    {
      "name": "values[Status]",
      "parts": [
        "values[Status]"
      ],
      "unique": false
    }
  ],
  "integrations": [
    {
      "connectionId": "1415539c-bb98-48bb-ad33-11be25189ad0",
      "inputMappings": {},
      "name": "Departments",
      "operationId": "9c3a3309-536e-4e3d-a3b3-be072d652a51"
    },
    {
      "connectionId": "1415539c-bb98-48bb-ad33-11be25189ad0",
      "inputMappings": {
        "Slug": "${values('Department')}"
      },
      "name": "Get Team",
      "operationId": "e20b8b5d-da67-410b-a527-bd3ae1cfe07b"
    },
    {
      "connectionId": "1415539c-bb98-48bb-ad33-11be25189ad0",
      "inputMappings": {},
      "name": "Users",
      "operationId": "16f70295-86eb-4624-b2f8-7bc2fa62de96"
    }
  ],
  "name": "Leave Request",
  "notes": null,
  "pages": [
    {
      "advanceCondition": null,
      "displayCondition": null,
      "displayPage": null,
      "elements": [
        {
          "type": "section",
          "renderType": null,
          "name": "Employee Section",
          "title": "Employee Search",
          "visible": true,
          "omitWhenHidden": null,
          "renderAttributes": {},
          "elements": [
            {
              "type": "section",
              "renderType": null,
              "name": "Employee Search Section",
              "title": null,
              "visible": true,
              "omitWhenHidden": null,
              "renderAttributes": {},
              "elements": []
            },
            {
              "type": "content",
              "renderType": "html",
              "name": "Employee Details",
              "text": "<table class=\"emp_details\">    \n    <tr>\n            <td class = \"emp_title\">Phone: </td>\n            <td class = \"emp_value\" id = \"emp_phone\"></td>\n    </tr>\n    <tr>\n        <td class = \"emp_title\">Email: </td>\n        <td class = \"emp_value\" id = \"emp_email\"></td>\n    </tr>\n</table>",
              "visible": "values('Requested for Display Name') != null",
              "renderAttributes": {}
            },
            {
              "type": "section",
              "renderType": null,
              "name": "Department Manager Section",
              "title": null,
              "visible": true,
              "omitWhenHidden": null,
              "renderAttributes": {
                "class": "cols-2"
              },
              "elements": [
                {
                  "enabled": true,
                  "dataType": "string",
                  "defaultDataSource": "none",
                  "requiredMessage": null,
                  "name": "Department",
                  "choicesResourceName": "Departments",
                  "omitWhenHidden": null,
                  "renderAttributes": {},
                  "renderType": "dropdown",
                  "pattern": null,
                  "defaultValue": null,
                  "visible": true,
                  "choices": {
                    "label": "${integration('Name')}",
                    "value": "${integration('Slug')}"
                  },
                  "label": "Department",
                  "choicesResourceProperty": "Departments",
                  "choicesRunIf": null,
                  "constraints": [],
                  "choicesDataSource": "integration",
                  "events": [
                    {
                      "mappings": [
                        {
                          "field": "Manager",
                          "value": "${integration('Manager')}",
                          "visible": null
                        }
                      ],
                      "name": "Set Manager",
                      "integrationResourceName": "Get Team",
                      "action": "Set Fields",
                      "integrationResourceProperty": null,
                      "type": "Change"
                    }
                  ],
                  "defaultResourceName": null,
                  "type": "field",
                  "key": "1c7846d59e0749eab1ce8ac76fd56a74",
                  "required": false
                },
                {
                  "enabled": false,
                  "dataType": "string",
                  "defaultDataSource": "none",
                  "requiredMessage": null,
                  "name": "Manager",
                  "omitWhenHidden": null,
                  "renderAttributes": {},
                  "renderType": "text",
                  "pattern": null,
                  "defaultValue": null,
                  "visible": true,
                  "label": "Manager",
                  "constraints": [],
                  "events": [],
                  "rows": 1,
                  "defaultResourceName": null,
                  "type": "field",
                  "key": "e79f3380378942c2898420f736253eb6",
                  "required": false
                }
              ]
            }
          ]
        },
        {
          "type": "section",
          "renderType": null,
          "name": "Leave Dates Section",
          "title": "Leave Dates",
          "visible": true,
          "omitWhenHidden": null,
          "renderAttributes": {
            "class": "cols-2"
          },
          "elements": [
            {
              "enabled": true,
              "dataType": "string",
              "defaultDataSource": "none",
              "requiredMessage": null,
              "name": "Start Date",
              "omitWhenHidden": null,
              "renderAttributes": {},
              "renderType": "date",
              "pattern": null,
              "defaultValue": null,
              "visible": true,
              "label": "Start Date",
              "constraints": [],
              "events": [],
              "defaultResourceName": null,
              "type": "field",
              "key": "8d8286029cc2409c82aec90a215c36a2",
              "required": false
            },
            {
              "enabled": true,
              "dataType": "string",
              "defaultDataSource": "none",
              "requiredMessage": null,
              "name": "End Date",
              "omitWhenHidden": null,
              "renderAttributes": {},
              "renderType": "date",
              "pattern": null,
              "defaultValue": null,
              "visible": true,
              "label": "End Date",
              "constraints": [],
              "events": [],
              "defaultResourceName": null,
              "type": "field",
              "key": "c56d997f9eac42259a529f8328231748",
              "required": false
            }
          ]
        },
        {
          "type": "section",
          "renderType": null,
          "name": "Leave Details Section",
          "title": "Leave Details",
          "visible": true,
          "omitWhenHidden": null,
          "renderAttributes": {},
          "elements": [
            {
              "enabled": true,
              "dataType": "string",
              "defaultDataSource": "none",
              "requiredMessage": null,
              "name": "Leave Type",
              "choicesResourceName": null,
              "omitWhenHidden": null,
              "renderAttributes": {},
              "renderType": "dropdown",
              "pattern": null,
              "defaultValue": null,
              "visible": true,
              "choices": [
                {
                  "label": "Sick Leave",
                  "value": "Sick leave"
                },
                {
                  "label": "Bereavement Leave",
                  "value": "Bereavement leave"
                },
                {
                  "label": "Military Leave",
                  "value": "Military Leave"
                },
                {
                  "label": "Maternity or Paternity Leave",
                  "value": "Maternity or Paternity Leave"
                },
                {
                  "label": "Sabbatical Leave",
                  "value": "Sabbatical Leave"
                },
                {
                  "label": "Unpaid Leave",
                  "value": "Unpaid Leave"
                }
              ],
              "label": "Leave Type",
              "choicesResourceProperty": null,
              "choicesRunIf": null,
              "constraints": [],
              "choicesDataSource": "custom",
              "events": [],
              "defaultResourceName": null,
              "type": "field",
              "key": "50ea8f9498c34e5bbb58d69f579f0595",
              "required": false
            },
            {
              "enabled": true,
              "dataType": "string",
              "defaultDataSource": "none",
              "requiredMessage": null,
              "name": "Reason for Leave",
              "omitWhenHidden": null,
              "renderAttributes": {},
              "renderType": "text",
              "pattern": null,
              "defaultValue": null,
              "visible": true,
              "label": "Reason for Leave",
              "constraints": [],
              "events": [],
              "rows": 3,
              "defaultResourceName": null,
              "type": "field",
              "key": "effe630b4262404681a193b55a8e42a7",
              "required": false
            }
          ]
        },
        {
          "type": "section",
          "renderType": null,
          "name": "Hidden System Questions",
          "title": null,
          "visible": false,
          "omitWhenHidden": false,
          "renderAttributes": {},
          "elements": [
            {
              "enabled": true,
              "dataType": "string",
              "defaultDataSource": "none",
              "requiredMessage": null,
              "name": "Requested for Display Name",
              "omitWhenHidden": null,
              "renderAttributes": {},
              "renderType": "text",
              "pattern": null,
              "defaultValue": "",
              "visible": true,
              "label": "Requested for Display Name",
              "constraints": [],
              "events": [],
              "rows": 1,
              "defaultResourceName": null,
              "type": "field",
              "key": "e9125b1b04d14c28998b364da3bd5d4d",
              "required": false
            },
            {
              "enabled": true,
              "dataType": "string",
              "defaultDataSource": "none",
              "requiredMessage": "Employee is Required",
              "name": "Requested for Username",
              "omitWhenHidden": null,
              "renderAttributes": {},
              "renderType": "text",
              "pattern": null,
              "defaultValue": "",
              "visible": true,
              "label": "Requested for Username",
              "constraints": [],
              "events": [],
              "rows": 1,
              "defaultResourceName": null,
              "type": "field",
              "key": "f540de42300b4946a34f0af46f5a94d3",
              "required": true
            },
            {
              "enabled": true,
              "dataType": "json",
              "defaultDataSource": "none",
              "requiredMessage": null,
              "name": "Observing Individuals",
              "choicesResourceName": null,
              "omitWhenHidden": null,
              "renderAttributes": {},
              "renderType": "checkbox",
              "pattern": null,
              "defaultValue": null,
              "visible": true,
              "choices": [],
              "label": "Observing Individuals",
              "choicesResourceProperty": null,
              "choicesRunIf": null,
              "constraints": [],
              "choicesDataSource": "custom",
              "events": [],
              "defaultResourceName": null,
              "type": "field",
              "key": "bd7794f65a004e0192739b4c61d88e90",
              "required": false
            },
            {
              "enabled": true,
              "dataType": "json",
              "defaultDataSource": "none",
              "requiredMessage": null,
              "name": "Observing Teams",
              "choicesResourceName": null,
              "omitWhenHidden": null,
              "renderAttributes": {},
              "renderType": "checkbox",
              "pattern": null,
              "defaultValue": null,
              "visible": true,
              "choices": [],
              "label": "Observing Teams",
              "choicesResourceProperty": null,
              "choicesRunIf": null,
              "constraints": [],
              "choicesDataSource": "custom",
              "events": [],
              "defaultResourceName": null,
              "type": "field",
              "key": "2f595f26a0814ab49352d0ac49ba9df5",
              "required": false
            },
            {
              "enabled": true,
              "dataType": "string",
              "defaultDataSource": "none",
              "requiredMessage": null,
              "name": "Status",
              "omitWhenHidden": null,
              "renderAttributes": {},
              "renderType": "text",
              "pattern": null,
              "defaultValue": null,
              "visible": true,
              "label": "Status",
              "constraints": [],
              "events": [],
              "rows": 1,
              "defaultResourceName": null,
              "type": "field",
              "key": "635f3e06b1d34c3fadae12e10be05055",
              "required": false
            }
          ]
        },
        {
          "visible": true,
          "renderAttributes": {},
          "name": "Submit Button",
          "label": "Submit",
          "type": "button",
          "renderType": "submit-page",
          "enabled": true
        }
      ],
      "events": [
        {
          "name": "Load Search Widget",
          "code": "const searchWidget = bundle.widgets.Search({\n  container: K('section[Employee Search Section]').element(),\n  config: {\n    integration:{\n      kappSlug: \"service-portal\",\n      formSlug: \"purchase-request\",\n      integrationName: \"Search Users\",\n      listProperty: \"users\",\n      parameters: [{ name: 'Requested for Display Name' }]\n    },\n    optionToValue: function(o) { return o.username; },\n    optionToLabel: function(o) { return o.displayName || o.username; },\n    optionToDescription: function(o) { return o.email; },\n    onChange: function(obj, value) {\n      // Set values on Hiddend Fields\n      K('field[Requested for Display Name]').value(obj ? obj.displayName : '');\n      K('field[Requested for Username]').value(obj ? obj.username : '');      \n      // Set values on html employee details\n      document.getElementById(\"emp_phone\").innerHTML = obj['profileAttributesMap']['Phone'][0] ? obj['profileAttributesMap']['Phone'][0] : \"n/a\";\n      document.getElementById(\"emp_email\").innerHTML = obj['email'] ? obj['email'] : \"n/a\"\n    },\n    minSearchLength: 3,\n    messages:{\n      short: \"Enter 3 character to begin search.\",\n      empty: \"No users found.\"\n    },\n    placeholder: 'Search...'\n  },  \n  id: 'employee-search',\n});\n\n\n",
          "integrationResourceName": null,
          "action": "Custom",
          "integrationResourceProperty": "",
          "type": "Load"
        }
      ],
      "name": "Page 1",
      "renderType": "submittable",
      "type": "page"
    }
  ],
  "securityPolicies": [],
  "slug": "leave-request",
  "status": "Active",
  "submissionLabelExpression": "",
  "type": "Service"
}