{
  "anonymous": false,
  "attributes": [],
  "bridgedResources": [],
  "categorizations": [],
  "customHeadContent": null,
  "description": "Used for defining news articles that will appear on the home page of the Momentum Portal.",
  "indexDefinitions": [
    {
      "name": "closedBy",
      "parts": [
        "closedBy"
      ],
      "unique": false
    },
    {
      "name": "createdBy",
      "parts": [
        "createdBy"
      ],
      "unique": false
    },
    {
      "name": "handle",
      "parts": [
        "handle"
      ],
      "unique": false
    },
    {
      "name": "submittedBy",
      "parts": [
        "submittedBy"
      ],
      "unique": false
    },
    {
      "name": "updatedBy",
      "parts": [
        "updatedBy"
      ],
      "unique": false
    },
    {
      "name": "values[Description]",
      "parts": [
        "values[Description]"
      ],
      "unique": false
    },
    {
      "name": "values[Image URL]",
      "parts": [
        "values[Image URL]"
      ],
      "unique": false
    },
    {
      "name": "values[Sort Order]",
      "parts": [
        "values[Sort Order]"
      ],
      "unique": false
    },
    {
      "name": "values[Status]",
      "parts": [
        "values[Status]"
      ],
      "unique": false
    },
    {
      "name": "values[Title]",
      "parts": [
        "values[Title]"
      ],
      "unique": false
    },
    {
      "name": "values[URL]",
      "parts": [
        "values[URL]"
      ],
      "unique": false
    }
  ],
  "integrations": [],
  "name": "Portal News",
  "notes": null,
  "pages": [
    {
      "advanceCondition": null,
      "displayCondition": null,
      "displayPage": null,
      "elements": [
        {
          "enabled": true,
          "dataType": "string",
          "defaultDataSource": "none",
          "requiredMessage": null,
          "name": "Status",
          "choicesResourceName": null,
          "omitWhenHidden": null,
          "renderAttributes": {},
          "renderType": "radio",
          "pattern": null,
          "defaultValue": "Active",
          "visible": true,
          "choices": [
            {
              "label": "Active",
              "value": "Active"
            },
            {
              "label": "Inactive",
              "value": "Inactive"
            }
          ],
          "label": "Status",
          "choicesResourceProperty": null,
          "choicesRunIf": null,
          "constraints": [],
          "choicesDataSource": "custom",
          "events": [],
          "defaultResourceName": null,
          "type": "field",
          "key": "2ea2e07444f54a8f8b79e2233091c375",
          "required": true
        },
        {
          "enabled": true,
          "dataType": "string",
          "defaultDataSource": "none",
          "requiredMessage": null,
          "name": "Title",
          "omitWhenHidden": null,
          "renderAttributes": {},
          "renderType": "text",
          "pattern": null,
          "defaultValue": null,
          "visible": true,
          "label": "Title",
          "constraints": [],
          "events": [],
          "rows": 1,
          "defaultResourceName": null,
          "type": "field",
          "key": "5594aa405aff4722b4f0e3a3257a1448",
          "required": true
        },
        {
          "enabled": true,
          "dataType": "string",
          "defaultDataSource": "none",
          "requiredMessage": null,
          "name": "Description",
          "omitWhenHidden": null,
          "renderAttributes": {},
          "renderType": "text",
          "pattern": null,
          "defaultValue": null,
          "visible": true,
          "label": "Description",
          "constraints": [],
          "events": [],
          "rows": 1,
          "defaultResourceName": null,
          "type": "field",
          "key": "141a03dbd567464f87a8c08c87edd1cc",
          "required": false
        },
        {
          "enabled": true,
          "dataType": "string",
          "defaultDataSource": "none",
          "requiredMessage": null,
          "name": "URL",
          "omitWhenHidden": null,
          "renderAttributes": {},
          "renderType": "text",
          "pattern": null,
          "defaultValue": null,
          "visible": true,
          "label": "URL",
          "constraints": [],
          "events": [],
          "rows": 1,
          "defaultResourceName": null,
          "type": "field",
          "key": "7fa766c024f14b36a5ac67eeeb16777c",
          "required": true
        },
        {
          "enabled": true,
          "dataType": "string",
          "defaultDataSource": "none",
          "requiredMessage": null,
          "name": "Image URL",
          "omitWhenHidden": null,
          "renderAttributes": {},
          "renderType": "text",
          "pattern": null,
          "defaultValue": null,
          "visible": true,
          "label": "Image URL",
          "constraints": [],
          "events": [],
          "rows": 1,
          "defaultResourceName": null,
          "type": "field",
          "key": "107f9e7d731b4186ba4d6a652ea7f38b",
          "required": false
        },
        {
          "enabled": true,
          "dataType": "string",
          "defaultDataSource": "none",
          "requiredMessage": null,
          "name": "Sort Order",
          "omitWhenHidden": null,
          "renderAttributes": {},
          "renderType": "text",
          "pattern": null,
          "defaultValue": null,
          "visible": true,
          "label": "Sort Order",
          "constraints": [],
          "events": [],
          "rows": 1,
          "defaultResourceName": null,
          "type": "field",
          "key": "e958b08a3eb947a5910bf0d98caa476f",
          "required": false
        },
        {
          "visible": true,
          "renderAttributes": {},
          "name": "Submit Button",
          "label": "Submit",
          "type": "button",
          "renderType": "submit-page",
          "enabled": true
        }
      ],
      "events": [],
      "name": "Page 1",
      "renderType": "submittable",
      "type": "page"
    }
  ],
  "securityPolicies": [
    {
      "endpoint": "Submission Access",
      "name": "Authenticated Users"
    }
  ],
  "slug": "portal-news",
  "status": "Active",
  "submissionLabelExpression": "${values('Sort Order') || 999}. ${values('Title')} ${values('Status') === 'Inactive' ? '[Inactive]' : ''}",
  "type": "Datastore"
}