{
  "anonymous": false,
  "attributes": [
    {
      "name": "Approvers",
      "values": [
        "Executive Team"
      ]
    },
    {
      "name": "Icon",
      "values": [
        "shopping-cart"
      ]
    }
  ],
  "bridgedResources": [],
  "categorizations": [
    {
      "category": {
        "slug": "finance--procurement-services"
      }
    }
  ],
  "customHeadContent": null,
  "description": "",
  "indexDefinitions": [
    {
      "name": "closedBy",
      "parts": [
        "closedBy"
      ],
      "unique": false
    },
    {
      "name": "createdBy",
      "parts": [
        "createdBy"
      ],
      "unique": false
    },
    {
      "name": "handle",
      "parts": [
        "handle"
      ],
      "unique": false
    },
    {
      "name": "submittedBy",
      "parts": [
        "submittedBy"
      ],
      "unique": false
    },
    {
      "name": "updatedBy",
      "parts": [
        "updatedBy"
      ],
      "unique": false
    },
    {
      "name": "values[Budget Code]",
      "parts": [
        "values[Budget Code]"
      ],
      "unique": false
    },
    {
      "name": "values[Department]",
      "parts": [
        "values[Department]"
      ],
      "unique": false
    },
    {
      "name": "values[Estimated Cost]",
      "parts": [
        "values[Estimated Cost]"
      ],
      "unique": false
    },
    {
      "name": "values[Item Description]",
      "parts": [
        "values[Item Description]"
      ],
      "unique": false
    },
    {
      "name": "values[Manager]",
      "parts": [
        "values[Manager]"
      ],
      "unique": false
    },
    {
      "name": "values[Quantity]",
      "parts": [
        "values[Quantity]"
      ],
      "unique": false
    },
    {
      "name": "values[Requested for Username]",
      "parts": [
        "values[Requested for Username]"
      ],
      "unique": false
    },
    {
      "name": "values[Vendor Name]",
      "parts": [
        "values[Vendor Name]"
      ],
      "unique": false
    }
  ],
  "integrations": [
    {
      "connectionId": "1415539c-bb98-48bb-ad33-11be25189ad0",
      "inputMappings": {},
      "name": "Departments",
      "operationId": "9c3a3309-536e-4e3d-a3b3-be072d652a51"
    },
    {
      "connectionId": "1415539c-bb98-48bb-ad33-11be25189ad0",
      "inputMappings": {
        "Slug": "${values('Department')}"
      },
      "name": "Get Team",
      "operationId": "e20b8b5d-da67-410b-a527-bd3ae1cfe07b"
    },
    {
      "connectionId": "1415539c-bb98-48bb-ad33-11be25189ad0",
      "inputMappings": {
        "query": "${values('Requested for Display Name')}"
      },
      "name": "Search Users",
      "operationId": "625584c3-32e0-415f-a181-4405057e5fca"
    }
  ],
  "name": "Purchase Request",
  "notes": null,
  "pages": [
    {
      "advanceCondition": null,
      "displayCondition": null,
      "displayPage": null,
      "elements": [
        {
          "type": "section",
          "renderType": null,
          "name": "Employee Section",
          "title": "Employee Search",
          "visible": true,
          "omitWhenHidden": null,
          "renderAttributes": {},
          "elements": [
            {
              "type": "section",
              "renderType": null,
              "name": "Employee Search Section",
              "title": null,
              "visible": true,
              "omitWhenHidden": null,
              "renderAttributes": {},
              "elements": []
            },
            {
              "type": "content",
              "renderType": "html",
              "name": "Employee Details",
              "text": "<table class=\"emp_details\">    \n    <tr>\n            <td class = \"emp_title\">Phone: </td>\n            <td class = \"emp_value\" id = \"emp_phone\"></td>\n    </tr>\n    <tr>\n        <td class = \"emp_title\">Email: </td>\n        <td class = \"emp_value\" id = \"emp_email\"></td>\n    </tr>\n</table>",
              "visible": "values('Requested for Display Name') != null",
              "renderAttributes": {}
            }
          ]
        },
        {
          "type": "section",
          "renderType": null,
          "name": "Details",
          "title": "Details",
          "visible": true,
          "omitWhenHidden": null,
          "renderAttributes": {},
          "elements": [
            {
              "type": "section",
              "renderType": null,
              "name": "Department Manager Section",
              "title": null,
              "visible": true,
              "omitWhenHidden": null,
              "renderAttributes": {
                "class": "cols-2"
              },
              "elements": [
                {
                  "enabled": true,
                  "dataType": "string",
                  "defaultDataSource": "none",
                  "requiredMessage": null,
                  "name": "Department",
                  "choicesResourceName": "Departments",
                  "omitWhenHidden": null,
                  "renderAttributes": {},
                  "renderType": "dropdown",
                  "pattern": null,
                  "defaultValue": null,
                  "visible": true,
                  "choices": {
                    "label": "${integration('Name')}",
                    "value": "${integration('Slug')}"
                  },
                  "label": "Department",
                  "choicesResourceProperty": "Departments",
                  "choicesRunIf": null,
                  "constraints": [],
                  "choicesDataSource": "integration",
                  "events": [
                    {
                      "mappings": [
                        {
                          "field": "Manager",
                          "value": "${integration('Manager')}",
                          "visible": null
                        }
                      ],
                      "name": "Set Manager",
                      "integrationResourceName": "Get Team",
                      "action": "Set Fields",
                      "integrationResourceProperty": null,
                      "type": "Change"
                    }
                  ],
                  "defaultResourceName": null,
                  "type": "field",
                  "key": "75f942736a9c4b3c9abe61a34b6863eb",
                  "required": false
                },
                {
                  "enabled": false,
                  "dataType": "string",
                  "defaultDataSource": "none",
                  "requiredMessage": null,
                  "name": "Manager",
                  "omitWhenHidden": null,
                  "renderAttributes": {},
                  "renderType": "text",
                  "pattern": null,
                  "defaultValue": null,
                  "visible": true,
                  "label": "Manager",
                  "constraints": [],
                  "events": [],
                  "rows": 1,
                  "defaultResourceName": null,
                  "type": "field",
                  "key": "83e793bbd0454ac99e4af3ab6dffbbed",
                  "required": false
                }
              ]
            },
            {
              "enabled": true,
              "dataType": "string",
              "defaultDataSource": "none",
              "requiredMessage": null,
              "name": "Item Description",
              "omitWhenHidden": null,
              "renderAttributes": {},
              "renderType": "text",
              "pattern": null,
              "defaultValue": null,
              "visible": true,
              "label": "Item Description",
              "constraints": [],
              "events": [],
              "rows": 2,
              "defaultResourceName": null,
              "type": "field",
              "key": "5430709dc35f4b88ab3c3d1c4d30149e",
              "required": false
            },
            {
              "type": "section",
              "renderType": null,
              "name": "Item Details Section",
              "title": null,
              "visible": true,
              "omitWhenHidden": null,
              "renderAttributes": {
                "class": "cols-2"
              },
              "elements": [
                {
                  "enabled": true,
                  "dataType": "string",
                  "defaultDataSource": "none",
                  "requiredMessage": null,
                  "name": "Quantity",
                  "omitWhenHidden": null,
                  "renderAttributes": {},
                  "renderType": "text",
                  "pattern": null,
                  "defaultValue": null,
                  "visible": true,
                  "label": "Quantity",
                  "constraints": [],
                  "events": [],
                  "rows": 1,
                  "defaultResourceName": null,
                  "type": "field",
                  "key": "44c53c0cef46462ca368854d102f500e",
                  "required": false
                },
                {
                  "enabled": true,
                  "dataType": "string",
                  "defaultDataSource": "none",
                  "requiredMessage": null,
                  "name": "Budget Code",
                  "omitWhenHidden": null,
                  "renderAttributes": {},
                  "renderType": "text",
                  "pattern": null,
                  "defaultValue": null,
                  "visible": true,
                  "label": "Budget Code",
                  "constraints": [],
                  "events": [],
                  "rows": 1,
                  "defaultResourceName": null,
                  "type": "field",
                  "key": "e4517cf595cc4f90b2887a11bb017c97",
                  "required": false
                },
                {
                  "enabled": true,
                  "dataType": "string",
                  "defaultDataSource": "none",
                  "requiredMessage": null,
                  "name": "Estimated Cost",
                  "omitWhenHidden": null,
                  "renderAttributes": {},
                  "renderType": "text",
                  "pattern": null,
                  "defaultValue": null,
                  "visible": true,
                  "label": "Estimated Cost",
                  "constraints": [],
                  "events": [],
                  "rows": 1,
                  "defaultResourceName": null,
                  "type": "field",
                  "key": "37f0c9d84517486caef11ab59e830059",
                  "required": false
                }
              ]
            },
            {
              "enabled": true,
              "dataType": "string",
              "defaultDataSource": "none",
              "requiredMessage": null,
              "name": "Vendor Name",
              "omitWhenHidden": null,
              "renderAttributes": {},
              "renderType": "text",
              "pattern": null,
              "defaultValue": null,
              "visible": true,
              "label": "Vendor Name",
              "constraints": [],
              "events": [],
              "rows": 1,
              "defaultResourceName": null,
              "type": "field",
              "key": "d1854db71a5148b28960832f21412756",
              "required": false
            },
            {
              "enabled": true,
              "dataType": "file",
              "defaultDataSource": "none",
              "requiredMessage": null,
              "name": "Attachment",
              "omitWhenHidden": null,
              "renderAttributes": {},
              "renderType": "attachment",
              "pattern": null,
              "defaultValue": null,
              "visible": true,
              "label": "Attachment",
              "constraints": [],
              "allowMultiple": false,
              "events": [],
              "defaultResourceName": null,
              "type": "field",
              "key": "f8d538777e1d4545abc01a5cb7c33534",
              "required": false
            }
          ]
        },
        {
          "type": "section",
          "renderType": null,
          "name": "Hidden System Questions",
          "title": null,
          "visible": false,
          "omitWhenHidden": false,
          "renderAttributes": {},
          "elements": [
            {
              "enabled": true,
              "dataType": "string",
              "defaultDataSource": "none",
              "requiredMessage": null,
              "name": "Requested for Display Name",
              "omitWhenHidden": null,
              "renderAttributes": {},
              "renderType": "text",
              "pattern": null,
              "defaultValue": "",
              "visible": true,
              "label": "Requested for Display Name",
              "constraints": [],
              "events": [],
              "rows": 1,
              "defaultResourceName": null,
              "type": "field",
              "key": "f202c391fd7148d78a5692f7bb57fffe",
              "required": false
            },
            {
              "enabled": true,
              "dataType": "string",
              "defaultDataSource": "none",
              "requiredMessage": "Employee is Required",
              "name": "Requested for Username",
              "omitWhenHidden": null,
              "renderAttributes": {},
              "renderType": "text",
              "pattern": null,
              "defaultValue": "",
              "visible": true,
              "label": "Requested for Username",
              "constraints": [],
              "events": [],
              "rows": 1,
              "defaultResourceName": null,
              "type": "field",
              "key": "ea929479bfc44cdfa6e6487c6393eeca",
              "required": true
            },
            {
              "enabled": true,
              "dataType": "json",
              "defaultDataSource": "none",
              "requiredMessage": null,
              "name": "Observing Individuals",
              "choicesResourceName": null,
              "omitWhenHidden": null,
              "renderAttributes": {},
              "renderType": "checkbox",
              "pattern": null,
              "defaultValue": null,
              "visible": true,
              "choices": [],
              "label": "Observing Individuals",
              "choicesResourceProperty": null,
              "choicesRunIf": null,
              "constraints": [],
              "choicesDataSource": "custom",
              "events": [],
              "defaultResourceName": null,
              "type": "field",
              "key": "009ea2d0fecd4f19aa59e61814c13657",
              "required": false
            },
            {
              "enabled": true,
              "dataType": "json",
              "defaultDataSource": "none",
              "requiredMessage": null,
              "name": "Observing Teams",
              "choicesResourceName": null,
              "omitWhenHidden": null,
              "renderAttributes": {},
              "renderType": "checkbox",
              "pattern": null,
              "defaultValue": null,
              "visible": true,
              "choices": [],
              "label": "Observing Teams",
              "choicesResourceProperty": null,
              "choicesRunIf": null,
              "constraints": [],
              "choicesDataSource": "custom",
              "events": [],
              "defaultResourceName": null,
              "type": "field",
              "key": "a7cb2d7b49e64723a9d885253975d317",
              "required": false
            },
            {
              "enabled": true,
              "dataType": "string",
              "defaultDataSource": "none",
              "requiredMessage": null,
              "name": "Status",
              "omitWhenHidden": null,
              "renderAttributes": {},
              "renderType": "text",
              "pattern": null,
              "defaultValue": null,
              "visible": true,
              "label": "Status",
              "constraints": [],
              "events": [],
              "rows": 1,
              "defaultResourceName": null,
              "type": "field",
              "key": "2d1a5576c1094a2db83c80eec35eb7e4",
              "required": false
            }
          ]
        },
        {
          "visible": true,
          "renderAttributes": {},
          "name": "Submit Button",
          "label": "Submit",
          "type": "button",
          "renderType": "submit-page",
          "enabled": true
        }
      ],
      "events": [
        {
          "name": "Load Search Widget",
          "code": "const searchWidget = bundle.widgets.Search({\n  container: K('section[Employee Search Section]').element(),\n  config: {\n    integration:{\n      kappSlug: \"service-portal\",\n      formSlug: \"purchase-request\",\n      integrationName: \"Search Users\",\n      listProperty: \"users\",\n      parameters: [{ name: 'Requested for Display Name' }]\n    },\n    optionToValue: function(o) { return o.username; },\n    optionToLabel: function(o) { return o.displayName || o.username; },\n    optionToDescription: function(o) { return o.email; },\n    onChange: function(obj, value) {\n      // Set values on Hiddend Fields\n      K('field[Requested for Display Name]').value(obj ? obj.displayName : '');\n      K('field[Requested for Username]').value(obj ? obj.username : '');      \n      // Set values on html employee details\n      document.getElementById(\"emp_phone\").innerHTML = obj['profileAttributesMap']['Phone'][0] ? obj['profileAttributesMap']['Phone'][0] : \"n/a\";\n      document.getElementById(\"emp_email\").innerHTML = obj['email'] ? obj['email'] : \"n/a\"\n    },\n    minSearchLength: 3,\n    messages:{\n      short: \"Enter 3 character to begin search.\",\n      empty: \"No users found.\"\n    },\n    placeholder: 'Search...'\n  },  \n  id: 'employee-search',\n});\n\n\n",
          "integrationResourceName": null,
          "action": "Custom",
          "integrationResourceProperty": "",
          "type": "Load"
        }
      ],
      "name": "Page 1",
      "renderType": "submittable",
      "type": "page"
    }
  ],
  "securityPolicies": [],
  "slug": "purchase-request",
  "status": "Active",
  "submissionLabelExpression": "${form('name')} request for ${values('Requested for Display Name')}",
  "type": "Service"
}