{
  "afterLogoutPath": null,
  "attributes": [
    {
      "name": "Department Head",
      "values": [
        "taylor.morse@kineticdata.com"
      ]
    },
    {
      "name": "Theme",
      "values": [
        "{}"
      ]
    },
    {
      "name": "ThemeAlt",
      "values": [
        "{\"logo\":{\"default\":\"https://kineticdata.atlassian.net/s/vf1kch/b/0/edb73d46913bb3454a73162beada9d6d/_/jira-logo-scaled.png\"},\"colors\":{\"base-100\":\"#030712\",\"base-200\":\"#101828\",\"base-300\":\"#1C2737\",\"base-content\":\"#F1F2F4\",\"primary\":\"#A683FF\",\"primary-content\":\"#2E0C67\",\"secondary\":\"#99E600\",\"secondary-content\":\"#182D02\",\"accent\":\"#7C85FF\",\"accent-content\":\"#1C184B\",\"neutral\":\"#101828\",\"neutral-content\":\"#F7F8FA\",\"info\":\"#00B6D9\",\"info-content\":\"#1D2229\",\"success\":\"#7ACC00\",\"success-content\":\"#1E2B0A\",\"warning\":\"#EEAF00\",\"warning-content\":\"#4D4710\",\"error\":\"#FE1C55\",\"error-content\":\"#5E0309\"},\"radius\":{\"box\":\"0.5rem\",\"field\":\"0.25rem\",\"selector\":\"0.25rem\"}}"
      ]
    }
  ],
  "bundlePath": null,
  "defaultFormConfirmationPage": null,
  "defaultFormDisplayPage": null,
  "defaultSubmissionLabelExpression": null,
  "displayType": "Display Page",
  "displayValue": null,
  "fields": [
    {
      "name": "Assigned Individual",
      "renderType": "text"
    },
    {
      "name": "Assigned Team",
      "renderType": "text"
    },
    {
      "name": "Requested For",
      "renderType": "text"
    }
  ],
  "indexDefinitions": [
    {
      "name": "type",
      "parts": [
        "type"
      ],
      "unique": false
    },
    {
      "name": "type,coreState,createdBy",
      "parts": [
        "type",
        "coreState",
        "createdBy"
      ],
      "unique": false
    },
    {
      "name": "type,coreState,submittedBy",
      "parts": [
        "type",
        "coreState",
        "submittedBy"
      ],
      "unique": false
    },
    {
      "name": "type,coreState,submittedBy,createdBy,values[Requested For]",
      "parts": [
        "type",
        "coreState",
        "submittedBy",
        "createdBy",
        "values[Requested For]"
      ],
      "unique": false
    },
    {
      "name": "type,coreState,values[Assigned Individual]",
      "parts": [
        "type",
        "coreState",
        "values[Assigned Individual]"
      ],
      "unique": false
    },
    {
      "name": "type,coreState,values[Assigned Team]",
      "parts": [
        "type",
        "coreState",
        "values[Assigned Team]"
      ],
      "unique": false
    },
    {
      "name": "type,coreState,values[Requested For]",
      "parts": [
        "type",
        "coreState",
        "values[Requested For]"
      ],
      "unique": false
    },
    {
      "name": "type,createdBy",
      "parts": [
        "type",
        "createdBy"
      ],
      "unique": false
    },
    {
      "name": "type,submittedBy",
      "parts": [
        "type",
        "submittedBy"
      ],
      "unique": false
    },
    {
      "name": "type,values[Assigned Individual]",
      "parts": [
        "type",
        "values[Assigned Individual]"
      ],
      "unique": false
    },
    {
      "name": "type,values[Assigned Team]",
      "parts": [
        "type",
        "values[Assigned Team]"
      ],
      "unique": false
    },
    {
      "name": "type,values[Requested For]",
      "parts": [
        "type",
        "values[Requested For]"
      ],
      "unique": false
    }
  ],
  "integrations": [
    {
      "connectionId": "b080b901-bb64-4be6-9853-edd15c47ca45",
      "inputMappings": {
        "SYS ID": "${values('id')}",
        "Work Notes": "${values('note')}"
      },
      "name": "Create SNOW Incident Work Note",
      "operationId": "ca6d3c30-d335-46a9-86fb-8f57fed0fffb",
      "securityPolicies": [
        {
          "endpoint": "Execution",
          "name": "Authenticated Users"
        }
      ]
    },
    {
      "connectionId": "b080b901-bb64-4be6-9853-edd15c47ca45",
      "inputMappings": {
        "Journal Element": "work_notes",
        "System ID": "${values('id')}"
      },
      "name": "Get SNOW Incident Work Notes",
      "operationId": "b06d71f6-78d6-4d86-be76-18a6f7f0456c",
      "securityPolicies": [
        {
          "endpoint": "Execution",
          "name": "Authenticated Users"
        }
      ]
    },
    {
      "connectionId": "7f1f8282-4603-4552-a006-30553d2466c8",
      "inputMappings": {},
      "name": "Notification Date Formats",
      "operationId": "20914f71-72de-4e58-93f0-6ce50ae850a2",
      "securityPolicies": []
    },
    {
      "connectionId": "7f1f8282-4603-4552-a006-30553d2466c8",
      "inputMappings": {},
      "name": "Notification Snippets",
      "operationId": "1ab9e768-20b3-4bcd-9824-9d8527597d2b",
      "securityPolicies": []
    },
    {
      "connectionId": "7f1f8282-4603-4552-a006-30553d2466c8",
      "inputMappings": {},
      "name": "Notification Templates",
      "operationId": "acb41442-2507-4f74-854e-2aee887936fe",
      "securityPolicies": []
    },
    {
      "connectionId": "1415539c-bb98-48bb-ad33-11be25189ad0",
      "inputMappings": {
        "query": "${values('Text')}"
      },
      "name": "Search Users",
      "operationId": "625584c3-32e0-415f-a181-4405057e5fca",
      "securityPolicies": []
    }
  ],
  "loginPage": null,
  "name": "Service Portal",
  "resetPasswordPage": null,
  "securityPolicies": [
    {
      "endpoint": "Display",
      "name": "Authenticated Users"
    },
    {
      "endpoint": "Modification",
      "name": "Admins"
    },
    {
      "endpoint": "Form Creation",
      "name": "Admins"
    },
    {
      "endpoint": "Default Form Modification",
      "name": "Admins"
    },
    {
      "endpoint": "Default Form Display",
      "name": "Authenticated Users"
    },
    {
      "endpoint": "Default Submission Access",
      "name": "Submitter"
    },
    {
      "endpoint": "Default Submission Modification",
      "name": "Submitter"
    },
    {
      "endpoint": "Submission Support",
      "name": "Admins"
    }
  ],
  "slug": "service-portal"
}